--
-- PostgreSQL database dump
--

-- Dumped from database version 9.2.1
-- Dumped by pg_dump version 9.2.1
-- Started on 2015-09-01 19:20:23

SET statement_timeout = 0;
SET client_encoding = 'UTF8';
SET standard_conforming_strings = on;
SET check_function_bodies = false;
SET client_min_messages = warning;

SET search_path = system, pg_catalog;

--
-- TOC entry 3971 (class 0 OID 56639)
-- Dependencies: 331
-- Data for Name: appgroup; Type: TABLE DATA; Schema: system; Owner: postgres
--

SET SESSION AUTHORIZATION DEFAULT;

ALTER TABLE appgroup DISABLE TRIGGER ALL;

INSERT INTO appgroup (id, name, description) VALUES ('10', 'Administrator', 'MNRE IT Services Unit. Users assigned this role have the ability to configure and administer the SOLA application. E.g. Add users, configure roles, update system codes, edit business rules etc.');
INSERT INTO appgroup (id, name, description) VALUES ('20', 'Search and View Property Information', 'Allows users to search and view property information. All Land Registry and QA staff have this role by default. Other staff (Technical, Accounts, etc) can be assigned this role as required.');
INSERT INTO appgroup (id, name, description) VALUES ('30', 'Search and View Only', 'Allows users to search and view application and document details as well as the Map. Printing documents, map or application details is not permitted');
INSERT INTO appgroup (id, name, description) VALUES ('40', 'Team Leader', 'Team Leaders (and ACEOs) can approve applications, re-assign applications to other staff and generate lodgement reports. This role should be combined with the appropriate staff role (e.g. Land Registry or Quality Assurance so that the team leader has access suitable for thier section.');
INSERT INTO appgroup (id, name, description) VALUES ('50', 'Accounts', 'The Accounts staff of the Accounting Division have access to set the fee payment details for lodged applications. ');
INSERT INTO appgroup (id, name, description) VALUES ('60', 'Land Registry', 'The Land Registry staff of the Land Management Division. Users assigned this role can lodge and edit land registry applications as well as generate folio certificates.');
INSERT INTO appgroup (id, name, description) VALUES ('70', 'Quality Assurance', 'The Quality Assurance Staff of the Technical Division. Users assigned this role can lodge and edit applications to process survey plans as well as view property information.  They cannot generate folio certificates.');
INSERT INTO appgroup (id, name, description) VALUES ('80', 'Technical Division', 'The Technical Division can search and view application and document details as well as  view, print and export features from the Map');
INSERT INTO appgroup (id, name, description) VALUES ('5654ca9a-595d-4a25-9809-0899dcb93673', 'Public Counter', 'Allows public counter staff to search for property and document and application information, print folio certificates and print the map and documents');
INSERT INTO appgroup (id, name, description) VALUES ('cbca8c4f-635c-4144-91af-726cba414f5f', 'View Map Only', 'Allows users to view  the Map only ');
INSERT INTO appgroup (id, name, description) VALUES ('84ef445a-6a23-49f1-907f-94497adfa0c4', 'Scan', 'Able to scan document to the database');


ALTER TABLE appgroup ENABLE TRIGGER ALL;

--
-- TOC entry 3969 (class 0 OID 56624)
-- Dependencies: 329
-- Data for Name: approle; Type: TABLE DATA; Schema: system; Owner: postgres
--

ALTER TABLE approle DISABLE TRIGGER ALL;

INSERT INTO approle (code, display_value, status, description) VALUES ('DashbrdViewAssign', 'View Assigned Applications', 'c', 'View Assigned Applications in Dashboard');
INSERT INTO approle (code, display_value, status, description) VALUES ('DashbrdViewUnassign', 'View Unassigned Applications', 'c', 'View Unassigned Applications in Dashboard');
INSERT INTO approle (code, display_value, status, description) VALUES ('DashbrdViewOwn', 'View Own Applications', 'c', 'View Applications assigned to user  in Dashboard');
INSERT INTO approle (code, display_value, status, description) VALUES ('ApplnView', 'Search and View Applications', 'c', 'Search and view applications');
INSERT INTO approle (code, display_value, status, description) VALUES ('ApplnCreate', 'Lodge new Applications', 'c', 'Lodge new Applications');
INSERT INTO approle (code, display_value, status, description) VALUES ('ApplnStatus', 'Generate and View Status Report', 'c', 'Generate and View Status Report');
INSERT INTO approle (code, display_value, status, description) VALUES ('ApplnAssignSelf', 'Assign Applications to Self', 'c', 'Able to assign (unassigned) applications to yourself');
INSERT INTO approle (code, display_value, status, description) VALUES ('ApplnUnassignSelf', 'Unassign Applications to Self', 'c', 'Able to unassign (assigned) applications from yourself');
INSERT INTO approle (code, display_value, status, description) VALUES ('ApplnAssignOthers', 'Assign Applications to Other Users', 'c', 'Able to assign (unassigned) applications to other users');
INSERT INTO approle (code, display_value, status, description) VALUES ('ApplnUnassignOthers', 'Unassign Applications to Others', 'c', 'Able to unassign (assigned) applications to other users');
INSERT INTO approle (code, display_value, status, description) VALUES ('StartService', 'Start Service', 'c', 'Start Service');
INSERT INTO approle (code, display_value, status, description) VALUES ('CompleteService', 'Complete Service', 'c', 'Complete Service (prior to approval)');
INSERT INTO approle (code, display_value, status, description) VALUES ('CancelService', 'Cancel Service', 'c', 'Cancel Service');
INSERT INTO approle (code, display_value, status, description) VALUES ('RevertService', 'Revert Service', 'c', 'Revert previously Complete Service');
INSERT INTO approle (code, display_value, status, description) VALUES ('ApplnRequisition', 'Requisition application and request', 'c', 'Request further information from applicant');
INSERT INTO approle (code, display_value, status, description) VALUES ('ApplnResubmit', 'Resubmit Application', 'c', 'Resubmit (requisitioned) application');
INSERT INTO approle (code, display_value, status, description) VALUES ('ApplnApprove', 'Approve Application', 'c', 'Approve Application');
INSERT INTO approle (code, display_value, status, description) VALUES ('ApplnWithdraw', 'Withdraw Application', 'c', 'Applicant withdraws their application');
INSERT INTO approle (code, display_value, status, description) VALUES ('ApplnReject', 'Reject Application', 'c', 'Land Office rejects an application');
INSERT INTO approle (code, display_value, status, description) VALUES ('ApplnValidate', 'Validate Application', 'c', 'User manually runs validation rules for application');
INSERT INTO approle (code, display_value, status, description) VALUES ('ApplnDispatch', 'Dispatch Application', 'c', 'Dispatch any documents to be returned to applicant and any certificates/reports/map prints requested by applicant');
INSERT INTO approle (code, display_value, status, description) VALUES ('ApplnArchive', 'Archive Application', 'c', 'Paper Application File is stored in Land Office Archive');
INSERT INTO approle (code, display_value, status, description) VALUES ('BaunitSave', 'Create or Modify BA Unit', 'c', 'Create or Modify BA Unit (Property)');
INSERT INTO approle (code, display_value, status, description) VALUES ('BauunitrrrSave', 'Create or Modify Rights or Restrictions', 'c', 'Create or Modify Rights or Restrictions');
INSERT INTO approle (code, display_value, status, description) VALUES ('BaunitParcelSave', 'Create or Modify (BA Unit) Parcels', 'c', 'Create or Modify (BA Unit) Parcels');
INSERT INTO approle (code, display_value, status, description) VALUES ('BaunitNotatSave', 'Create or Modify (BA Unit) Notations', 'c', 'Create or Modify (BA Unit) Notations');
INSERT INTO approle (code, display_value, status, description) VALUES ('BaunitCertificate', 'Generate and Print (BA Unit) Certificate', 'c', 'Generate and Print (BA Unit) Certificate');
INSERT INTO approle (code, display_value, status, description) VALUES ('BaunitSearch', 'Search BA Unit', 'c', 'Search BA Unit');
INSERT INTO approle (code, display_value, status, description) VALUES ('TransactionCommit', 'Approve (and Cancel) Transaction', 'c', 'Approve (and Cancel) Transaction');
INSERT INTO approle (code, display_value, status, description) VALUES ('ViewMap', 'View Cadastral Map', 'c', 'View Cadastral Map');
INSERT INTO approle (code, display_value, status, description) VALUES ('PrintMap', 'Print Map', 'c', 'Print Map');
INSERT INTO approle (code, display_value, status, description) VALUES ('ParcelSave', 'Create or modify (Cadastre) Parcel', 'c', 'Create or modify (Cadastre) Parcel');
INSERT INTO approle (code, display_value, status, description) VALUES ('PartySave', 'Create or modify Party', 'c', 'Create or modify Party');
INSERT INTO approle (code, display_value, status, description) VALUES ('SourceSave', 'Create or modify Source', 'c', 'Create or modify Source');
INSERT INTO approle (code, display_value, status, description) VALUES ('SourceSearch', 'Search Sources', 'c', 'Search sources');
INSERT INTO approle (code, display_value, status, description) VALUES ('SourcePrint', 'Print Sources', 'c', 'Print Source');
INSERT INTO approle (code, display_value, status, description) VALUES ('ReportGenerate', 'Generate and View Reports', 'c', 'Generate and View reports');
INSERT INTO approle (code, display_value, status, description) VALUES ('ArchiveApps', 'Archive applications', 'c', 'Archive applications');
INSERT INTO approle (code, display_value, status, description) VALUES ('ManageSecurity', 'Manage users, groups and roles', 'c', 'Manage users, groups and roles');
INSERT INTO approle (code, display_value, status, description) VALUES ('ManageRefdata', 'Manage reference data', 'c', 'Manage reference data');
INSERT INTO approle (code, display_value, status, description) VALUES ('ManageSettings', 'Manage system settings', 'c', 'Manage system settings');
INSERT INTO approle (code, display_value, status, description) VALUES ('ApplnEdit', 'Application Edit', 'c', 'Allows editing of Applications');
INSERT INTO approle (code, display_value, status, description) VALUES ('ManageBR', 'Manage business rules', 'c', 'Allows to manage business rules');
INSERT INTO approle (code, display_value, status, description) VALUES ('ApplnViewUnassignAll', 'View all unassigned applications', 'c', 'Allows the user to view all of the unassigned applications
instead of just a filtered view based on the services they can perform');
INSERT INTO approle (code, display_value, status, description) VALUES ('ApplnViewAssignAll', 'View all assigned applications', 'c', 'Allows the user to view all assigned applications
instead of just a filtered view based on the services they can perform');
INSERT INTO approle (code, display_value, status, description) VALUES ('cnclMortgagePOS', 'Cancel Mortgage under Power of Sale::::SAMOAN', 'c', NULL);
INSERT INTO approle (code, display_value, status, description) VALUES ('cnclTransmissonAdmin', 'Cancel Transmission under Transfer by Administrator::::SAMOAN', 'c', NULL);
INSERT INTO approle (code, display_value, status, description) VALUES ('planNoCoords', 'Record Plan with No Coordinates::::SAMOAN', 'c', NULL);
INSERT INTO approle (code, display_value, status, description) VALUES ('ExportMap', 'Export Map', 'c', 'Export a selected map feature to KML for display in Google Earth');
INSERT INTO approle (code, display_value, status, description) VALUES ('ChangePassword', 'Admin - Change Password', 'c', 'Allows a user to change their password and edit thier user name. This role should be included in every security group.');
INSERT INTO approle (code, display_value, status, description) VALUES ('NoPasswordExpiry', 'Admin - No Password Expiry', 'c', 'Users with this role will not be subject to a password expiry if one is in place. This role can be assigned to user accounts used by other systems to integrate with the SOLA web services.');
INSERT INTO approle (code, display_value, status, description) VALUES ('lapseCaveat', 'Lapse Caveat', 'c', 'Used for processing Lapse Caveat services.');
INSERT INTO approle (code, display_value, status, description) VALUES ('MeasureTool', 'Measure Tool', 'c', 'Allows user to measure a distance on the map.');
INSERT INTO approle (code, display_value, status, description) VALUES ('ChangeParcelAttrTool', 'Change Parcel Attribute Tool', 'c', 'Allows user to change the name or status of a parcel.');
INSERT INTO approle (code, display_value, status, description) VALUES ('unitPlan', 'Record Unit Plan::::SAMOAN', 'c', NULL);
INSERT INTO approle (code, display_value, status, description) VALUES ('newUnitTitle', 'Create Unit Titles::::SAMOAN', 'c', NULL);
INSERT INTO approle (code, display_value, status, description) VALUES ('cancelUnitPlan', 'Cancel Unit Titles::::SAMOAN', 'c', NULL);
INSERT INTO approle (code, display_value, status, description) VALUES ('changeBodyCorp', 'Change Body Corporate::::SAMOAN', 'c', NULL);
INSERT INTO approle (code, display_value, status, description) VALUES ('StrataUnitCreate', 'Create Strata Property', 'c', NULL);
INSERT INTO approle (code, display_value, status, description) VALUES ('recordMiscFee', 'Service - Record Miscellaneous', 'c', 'Allows the Record Miscellaneous service to be started.');
INSERT INTO approle (code, display_value, status, description) VALUES ('cancelMiscFee', 'Service - Cancel Miscellaneous', 'c', 'Allows the Cancel Miscellaneous service to be started.');
INSERT INTO approle (code, display_value, status, description) VALUES ('lifeEstateFee', 'Service - Record Life Estate with Fee', 'c', 'Allows the Record Life Estate with Fee service to be started.');
INSERT INTO approle (code, display_value, status, description) VALUES ('cadastreChange', 'Record Plan::::SAMOAN', 'c', 'Allows to make changes to the cadastre');
INSERT INTO approle (code, display_value, status, description) VALUES ('ApplnNr', 'Set Application Number', 'c', 'Set application number to match number allocated by LRS');
INSERT INTO approle (code, display_value, status, description) VALUES ('FeePayment', 'Record Fee Payment', 'c', 'Allows the user to set the Fee Paid flag on the Application Details screen');
INSERT INTO approle (code, display_value, status, description) VALUES ('ApplnCompleteDate', 'Edit Application Completion Date', 'c', 'Allows the user to update the completion date for the application on the Application Details screen');
INSERT INTO approle (code, display_value, status, description) VALUES ('ManageUserPassword', 'Manager User Details and Password', 'c', 'Allows the user to update their user details and/or password');
INSERT INTO approle (code, display_value, status, description) VALUES ('ViewSource', 'View Source Details', 'c', 'Allows the user to view source and document details.');
INSERT INTO approle (code, display_value, status, description) VALUES ('PartySearch', 'Search Party', 'c', 'Allows the user access to the Party Search so they can edit existing parties (i.e. Lodging Agent and Bank details).');
INSERT INTO approle (code, display_value, status, description) VALUES ('cadastrePrint', 'Map Print::::SAMOAN', 'c', 'Allows to make prints of cadastre map');
INSERT INTO approle (code, display_value, status, description) VALUES ('cancelProperty', 'Cancel Title::::SAMOAN', 'c', 'Allows to make changes to cancel title');
INSERT INTO approle (code, display_value, status, description) VALUES ('caveat', 'Record Caveat::::SAMOAN', 'c', 'Allows to make changes for registration of caveat');
INSERT INTO approle (code, display_value, status, description) VALUES ('cnclPowerOfAttorney', 'Cancel Power of Attorney::::SAMOAN', 'c', 'Allows to make changes to cancel power of attorney');
INSERT INTO approle (code, display_value, status, description) VALUES ('cnclStandardDocument', 'Cancel Standard Memorandum::::SAMOAN', 'c', 'Allows to make changes to withdraw standard document');
INSERT INTO approle (code, display_value, status, description) VALUES ('mortgage', 'Record Mortgage::::SAMOAN', 'c', 'Allows to make changes for registration of mortgage');
INSERT INTO approle (code, display_value, status, description) VALUES ('newDigitalTitle', 'Convert to Title::::SAMOAN', 'c', 'Allows to make changes for digital conversion of an existing title');
INSERT INTO approle (code, display_value, status, description) VALUES ('newFreehold', 'Create New Title::::SAMOAN', 'c', 'Allows to make changes for registration of a new freehold title');
INSERT INTO approle (code, display_value, status, description) VALUES ('newOwnership', 'Transfer::::SAMOAN', 'c', 'Allows to make changes for registration of ownership change');
INSERT INTO approle (code, display_value, status, description) VALUES ('redefineCadastre', 'Change Map::::SAMOAN', 'c', 'Allows to make changes to existing cadastre objects');
INSERT INTO approle (code, display_value, status, description) VALUES ('registerLease', 'Record Lease::::SAMOAN', 'c', 'Allows to make changes for registration of a lease');
INSERT INTO approle (code, display_value, status, description) VALUES ('regnOnTitle', 'Record Memorial::::SAMOAN', 'c', 'Allows to make changes for general (not specific) registration on a title');
INSERT INTO approle (code, display_value, status, description) VALUES ('regnPowerOfAttorney', 'Record Power of Attorney::::SAMOAN', 'c', 'Allows to make changes for registration of power of attorney');
INSERT INTO approle (code, display_value, status, description) VALUES ('regnStandardDocument', 'Record Standard Memorandum::::SAMOAN', 'c', 'Allows to make changes for registration of a standard document');
INSERT INTO approle (code, display_value, status, description) VALUES ('removeCaveat', 'Cancel Caveat::::SAMOAN', 'c', 'Allows to make changes for the removal of a caveat');
INSERT INTO approle (code, display_value, status, description) VALUES ('removeRestriction', 'Cancel Mortgage::::SAMOAN', 'c', 'Allows to make changes for the removal of a restriction');
INSERT INTO approle (code, display_value, status, description) VALUES ('removeRight', 'Cancel Lease or Sublease::::SAMOAN', 'c', 'Allows to make changes for the removal of a right');
INSERT INTO approle (code, display_value, status, description) VALUES ('varyCaveat', 'Change Caveat::::SAMOAN', 'c', 'Allows to make changes for registration of a variation to a caveat');
INSERT INTO approle (code, display_value, status, description) VALUES ('varyLease', 'Change Lease or Sublease::::SAMOAN', 'c', 'Allows to make changes for registration of a variation to a lease');
INSERT INTO approle (code, display_value, status, description) VALUES ('lifeEstate', 'Record Life Estate::::SAMOAN', 'c', NULL);
INSERT INTO approle (code, display_value, status, description) VALUES ('removeLifeEstate', 'Cancel Life Estate::::SAMOAN', 'c', NULL);
INSERT INTO approle (code, display_value, status, description) VALUES ('varyTitle', 'Change Estate Type::::SAMOAN', 'c', NULL);
INSERT INTO approle (code, display_value, status, description) VALUES ('easement', 'Record Easement::::SAMOAN', 'c', NULL);
INSERT INTO approle (code, display_value, status, description) VALUES ('removeEasement', 'Cancel Easement::::SAMOAN', 'c', NULL);
INSERT INTO approle (code, display_value, status, description) VALUES ('variationMortgage', 'Change Mortgage::::SAMOAN', 'c', NULL);
INSERT INTO approle (code, display_value, status, description) VALUES ('proclamation', 'Record Proclamation::::SAMOAN', 'c', NULL);
INSERT INTO approle (code, display_value, status, description) VALUES ('order', 'Record Court Order::::SAMOAN', 'c', NULL);
INSERT INTO approle (code, display_value, status, description) VALUES ('subLease', 'Record Sub Lease::::SAMOAN', 'c', NULL);
INSERT INTO approle (code, display_value, status, description) VALUES ('registrarCorrection', 'Correct Registry::::SAMOAN', 'c', NULL);
INSERT INTO approle (code, display_value, status, description) VALUES ('registrarCancel', 'Correct Registry (Cancel Right)::::SAMOAN', 'c', NULL);
INSERT INTO approle (code, display_value, status, description) VALUES ('removeOrder', 'Cancel Court Order::::SAMOAN', 'c', NULL);
INSERT INTO approle (code, display_value, status, description) VALUES ('removeProclamation', 'Cancel Proclamation::::SAMOAN', 'c', NULL);
INSERT INTO approle (code, display_value, status, description) VALUES ('transmission', 'Record Transmission::::SAMOAN', 'c', NULL);
INSERT INTO approle (code, display_value, status, description) VALUES ('removeTransmission', 'Cancel Transmission::::SAMOAN', 'c', NULL);
INSERT INTO approle (code, display_value, status, description) VALUES ('miscellaneous', 'Record Miscellaneous::::SAMOAN', 'c', NULL);
INSERT INTO approle (code, display_value, status, description) VALUES ('cancelMisc', 'Cancel Miscellaneous::::SAMOAN', 'c', NULL);
INSERT INTO approle (code, display_value, status, description) VALUES ('certifiedCopy', 'Produce/Print a Certified Copy::::SAMOAN', 'c', NULL);
INSERT INTO approle (code, display_value, status, description) VALUES ('cadastreExport', 'Map Export::::SAMOAN', 'c', NULL);
INSERT INTO approle (code, display_value, status, description) VALUES ('cadastreBulk', 'Bulk Map Export::::SAMOAN', 'c', NULL);


ALTER TABLE approle ENABLE TRIGGER ALL;

--
-- TOC entry 3970 (class 0 OID 56634)
-- Dependencies: 330
-- Data for Name: approle_appgroup; Type: TABLE DATA; Schema: system; Owner: postgres
--

ALTER TABLE approle_appgroup DISABLE TRIGGER ALL;
INSERT INTO approle_appgroup (approle_code, appgroup_id, rowidentifier, rowversion, change_action, change_user, change_time) VALUES ('NoPasswordExpiry', '10', 'd6454d56-baa0-11e3-9582-0f08f5d4uzzz', 1, 'i', 'db:postgres', '2015-09-03 09:56:10.364');
INSERT INTO approle_appgroup (approle_code, appgroup_id, rowidentifier, rowversion, change_action, change_user, change_time) VALUES ('lapseCaveat', '60', 'd6454d56-baa0-11e3-9582-0f08f5d217b3', 1, 'i', 'db:postgres', '2014-04-03 09:56:10.364');
INSERT INTO approle_appgroup (approle_code, appgroup_id, rowidentifier, rowversion, change_action, change_user, change_time) VALUES ('MeasureTool', '80', 'ad530696-f1ef-11e3-9019-1f136975c4b3', 1, 'i', 'db:postgres', '2014-06-12 18:09:05.804');
INSERT INTO approle_appgroup (approle_code, appgroup_id, rowidentifier, rowversion, change_action, change_user, change_time) VALUES ('MeasureTool', '70', 'ad59484e-f1ef-11e3-86c0-f752ceb036fc', 1, 'i', 'db:postgres', '2014-06-12 18:09:05.804');
INSERT INTO approle_appgroup (approle_code, appgroup_id, rowidentifier, rowversion, change_action, change_user, change_time) VALUES ('ChangeParcelAttrTool', '70', 'ad8dee32-f1ef-11e3-ab49-67485d8167d9', 1, 'i', 'db:postgres', '2014-06-12 18:09:05.804');
INSERT INTO approle_appgroup (approle_code, appgroup_id, rowidentifier, rowversion, change_action, change_user, change_time) VALUES ('newUnitTitle', '60', 'badf3cc6-f1ef-11e3-a83f-d7c134f27f54', 1, 'i', 'db:postgres', '2014-06-12 18:09:28.508');
INSERT INTO approle_appgroup (approle_code, appgroup_id, rowidentifier, rowversion, change_action, change_user, change_time) VALUES ('cancelUnitPlan', '60', 'badf63d6-f1ef-11e3-81c1-7b8ca0b899a4', 1, 'i', 'db:postgres', '2014-06-12 18:09:28.508');
INSERT INTO approle_appgroup (approle_code, appgroup_id, rowidentifier, rowversion, change_action, change_user, change_time) VALUES ('changeBodyCorp', '60', 'badf8af0-f1ef-11e3-ab37-431713ccce33', 1, 'i', 'db:postgres', '2014-06-12 18:09:28.508');
INSERT INTO approle_appgroup (approle_code, appgroup_id, rowidentifier, rowversion, change_action, change_user, change_time) VALUES ('StrataUnitCreate', '60', 'badfb200-f1ef-11e3-9af5-cffd6964dc59', 1, 'i', 'db:postgres', '2014-06-12 18:09:28.508');
INSERT INTO approle_appgroup (approle_code, appgroup_id, rowidentifier, rowversion, change_action, change_user, change_time) VALUES ('unitPlan', '70', 'bae00020-f1ef-11e3-82b6-734397ba6b84', 1, 'i', 'db:postgres', '2014-06-12 18:09:28.508');
INSERT INTO approle_appgroup (approle_code, appgroup_id, rowidentifier, rowversion, change_action, change_user, change_time) VALUES ('recordMiscFee', '60', 'ade4f30a-4427-11e4-874c-af8f584e80e5', 1, 'i', 'db:postgres', '2014-09-25 09:16:33.967');
INSERT INTO approle_appgroup (approle_code, appgroup_id, rowidentifier, rowversion, change_action, change_user, change_time) VALUES ('cancelMiscFee', '60', 'ade9b5ca-4427-11e4-879f-5b1b27f7a2da', 1, 'i', 'db:postgres', '2014-09-25 09:16:33.967');
INSERT INTO approle_appgroup (approle_code, appgroup_id, rowidentifier, rowversion, change_action, change_user, change_time) VALUES ('lifeEstateFee', '60', '8e8d7ee8-655e-11e4-a01e-273cf913a8fd', 1, 'i', 'db:postgres', '2014-11-06 16:42:32.061');
INSERT INTO approle_appgroup (approle_code, appgroup_id, rowidentifier, rowversion, change_action, change_user, change_time) VALUES ('ChangePassword', '84ef445a-6a23-49f1-907f-94497adfa0c4', 'f5067652-46b3-11e5-b7d8-7b1c86ff3241', 1, 'i', 'db:postgres', '2015-08-20 09:50:42.735');
INSERT INTO approle_appgroup (approle_code, appgroup_id, rowidentifier, rowversion, change_action, change_user, change_time) VALUES ('SourceSave', '84ef445a-6a23-49f1-907f-94497adfa0c4', 'f50d9a4a-46b3-11e5-9144-b3bd46a2d42a', 1, 'i', 'db:postgres', '2015-08-20 09:50:42.735');
INSERT INTO approle_appgroup (approle_code, appgroup_id, rowidentifier, rowversion, change_action, change_user, change_time) VALUES ('SourceSearch', '84ef445a-6a23-49f1-907f-94497adfa0c4', 'f50d9a4a-46b3-11e5-8b8a-e34e49aeee69', 1, 'i', 'db:postgres', '2015-08-20 09:50:42.735');
INSERT INTO approle_appgroup (approle_code, appgroup_id, rowidentifier, rowversion, change_action, change_user, change_time) VALUES ('SourcePrint', '84ef445a-6a23-49f1-907f-94497adfa0c4', 'f50d9a4a-46b3-11e5-93b8-979e490c34fd', 1, 'i', 'db:postgres', '2015-08-20 09:50:42.735');
INSERT INTO approle_appgroup (approle_code, appgroup_id, rowidentifier, rowversion, change_action, change_user, change_time) VALUES ('ViewSource', '84ef445a-6a23-49f1-907f-94497adfa0c4', 'f50d9a4a-46b3-11e5-b9de-eb68dc4bf335', 1, 'i', 'db:postgres', '2015-08-20 09:50:42.735');
INSERT INTO approle_appgroup (approle_code, appgroup_id, rowidentifier, rowversion, change_action, change_user, change_time) VALUES ('ManageBR', '10', '6305cb56-b530-11e3-b8dc-13b9eb98f20d', 1, 'i', 'db:postgres', '2014-03-27 11:48:37.391');
INSERT INTO approle_appgroup (approle_code, appgroup_id, rowidentifier, rowversion, change_action, change_user, change_time) VALUES ('ManageRefdata', '10', '630a8e20-b530-11e3-be01-c30cb7470503', 1, 'i', 'db:postgres', '2014-03-27 11:48:37.391');
INSERT INTO approle_appgroup (approle_code, appgroup_id, rowidentifier, rowversion, change_action, change_user, change_time) VALUES ('ManageSettings', '10', '630a8e20-b530-11e3-974d-4f3874f2c3c1', 1, 'i', 'db:postgres', '2014-03-27 11:48:37.391');
INSERT INTO approle_appgroup (approle_code, appgroup_id, rowidentifier, rowversion, change_action, change_user, change_time) VALUES ('ManageSecurity', '10', '630a8e20-b530-11e3-828c-fbfb5a0d1629', 1, 'i', 'db:postgres', '2014-03-27 11:48:37.391');
INSERT INTO approle_appgroup (approle_code, appgroup_id, rowidentifier, rowversion, change_action, change_user, change_time) VALUES ('ApplnView', '10', '630a8e20-b530-11e3-9bc8-8b5d773608a8', 1, 'i', 'db:postgres', '2014-03-27 11:48:37.391');
INSERT INTO approle_appgroup (approle_code, appgroup_id, rowidentifier, rowversion, change_action, change_user, change_time) VALUES ('BaunitSearch', '10', '630a8e20-b530-11e3-a602-e77a83e559f3', 1, 'i', 'db:postgres', '2014-03-27 11:48:37.391');
INSERT INTO approle_appgroup (approle_code, appgroup_id, rowidentifier, rowversion, change_action, change_user, change_time) VALUES ('SourceSearch', '10', '630a8e20-b530-11e3-b742-9fe811186e5b', 1, 'i', 'db:postgres', '2014-03-27 11:48:37.391');
INSERT INTO approle_appgroup (approle_code, appgroup_id, rowidentifier, rowversion, change_action, change_user, change_time) VALUES ('ViewMap', '10', '630a8e20-b530-11e3-bf15-675fe520ebd9', 1, 'i', 'db:postgres', '2014-03-27 11:48:37.391');
INSERT INTO approle_appgroup (approle_code, appgroup_id, rowidentifier, rowversion, change_action, change_user, change_time) VALUES ('ReportGenerate', '10', '630a8e20-b530-11e3-9201-431bc12a882a', 1, 'i', 'db:postgres', '2014-03-27 11:48:37.391');
INSERT INTO approle_appgroup (approle_code, appgroup_id, rowidentifier, rowversion, change_action, change_user, change_time) VALUES ('ViewSource', '10', '630a8e20-b530-11e3-bef2-739f74683b24', 1, 'i', 'db:postgres', '2014-03-27 11:48:37.391');
INSERT INTO approle_appgroup (approle_code, appgroup_id, rowidentifier, rowversion, change_action, change_user, change_time) VALUES ('ManageUserPassword', '10', '630a8e20-b530-11e3-bb03-8b46430a1402', 1, 'i', 'db:postgres', '2014-03-27 11:48:37.391');
INSERT INTO approle_appgroup (approle_code, appgroup_id, rowidentifier, rowversion, change_action, change_user, change_time) VALUES ('PartySearch', '10', '630a8e20-b530-11e3-abba-0b878a5a10cb', 1, 'i', 'db:postgres', '2014-03-27 11:48:37.391');
INSERT INTO approle_appgroup (approle_code, appgroup_id, rowidentifier, rowversion, change_action, change_user, change_time) VALUES ('PartySave', '10', '630a8e20-b530-11e3-8827-5f5c570ce54e', 1, 'i', 'db:postgres', '2014-03-27 11:48:37.391');
INSERT INTO approle_appgroup (approle_code, appgroup_id, rowidentifier, rowversion, change_action, change_user, change_time) VALUES ('BaunitSearch', '20', '630a8e20-b530-11e3-956a-830798092228', 1, 'i', 'db:postgres', '2014-03-27 11:48:37.391');
INSERT INTO approle_appgroup (approle_code, appgroup_id, rowidentifier, rowversion, change_action, change_user, change_time) VALUES ('ManageUserPassword', '20', '630a8e20-b530-11e3-b1bc-5340dfc33e4d', 1, 'i', 'db:postgres', '2014-03-27 11:48:37.391');
INSERT INTO approle_appgroup (approle_code, appgroup_id, rowidentifier, rowversion, change_action, change_user, change_time) VALUES ('ViewSource', '20', '630a8e20-b530-11e3-822e-b7cd60defa77', 1, 'i', 'db:postgres', '2014-03-27 11:48:37.391');
INSERT INTO approle_appgroup (approle_code, appgroup_id, rowidentifier, rowversion, change_action, change_user, change_time) VALUES ('ApplnView', '30', '630a8e20-b530-11e3-8e5a-53681a55edba', 1, 'i', 'db:postgres', '2014-03-27 11:48:37.391');
INSERT INTO approle_appgroup (approle_code, appgroup_id, rowidentifier, rowversion, change_action, change_user, change_time) VALUES ('SourceSearch', '30', '630a8e20-b530-11e3-9296-6bfdb18c330a', 1, 'i', 'db:postgres', '2014-03-27 11:48:37.391');
INSERT INTO approle_appgroup (approle_code, appgroup_id, rowidentifier, rowversion, change_action, change_user, change_time) VALUES ('ViewMap', '30', '630a8e20-b530-11e3-9b3c-afa1fbc8ba19', 1, 'i', 'db:postgres', '2014-03-27 11:48:37.391');
INSERT INTO approle_appgroup (approle_code, appgroup_id, rowidentifier, rowversion, change_action, change_user, change_time) VALUES ('ManageUserPassword', '30', '630a8e20-b530-11e3-98d4-4b4d6a1360e9', 1, 'i', 'db:postgres', '2014-03-27 11:48:37.391');
INSERT INTO approle_appgroup (approle_code, appgroup_id, rowidentifier, rowversion, change_action, change_user, change_time) VALUES ('ViewSource', '30', '630a8e20-b530-11e3-ac22-7bb13420d880', 1, 'i', 'db:postgres', '2014-03-27 11:48:37.391');
INSERT INTO approle_appgroup (approle_code, appgroup_id, rowidentifier, rowversion, change_action, change_user, change_time) VALUES ('ReportGenerate', '40', '630a8e20-b530-11e3-b86d-7bc111b6b69b', 1, 'i', 'db:postgres', '2014-03-27 11:48:37.391');
INSERT INTO approle_appgroup (approle_code, appgroup_id, rowidentifier, rowversion, change_action, change_user, change_time) VALUES ('ApplnAssignOthers', '40', '630a8e20-b530-11e3-a968-c75f32303e32', 1, 'i', 'db:postgres', '2014-03-27 11:48:37.391');
INSERT INTO approle_appgroup (approle_code, appgroup_id, rowidentifier, rowversion, change_action, change_user, change_time) VALUES ('ApplnUnassignOthers', '40', '630cef8a-b530-11e3-8980-0f4d6327d913', 1, 'i', 'db:postgres', '2014-03-27 11:48:37.391');
INSERT INTO approle_appgroup (approle_code, appgroup_id, rowidentifier, rowversion, change_action, change_user, change_time) VALUES ('FeePayment', '40', '630cef8a-b530-11e3-896a-576a49982244', 1, 'i', 'db:postgres', '2014-03-27 11:48:37.391');
INSERT INTO approle_appgroup (approle_code, appgroup_id, rowidentifier, rowversion, change_action, change_user, change_time) VALUES ('ApplnCompleteDate', '40', '630cef8a-b530-11e3-8e89-8f54de65c5fd', 1, 'i', 'db:postgres', '2014-03-27 11:48:37.391');
INSERT INTO approle_appgroup (approle_code, appgroup_id, rowidentifier, rowversion, change_action, change_user, change_time) VALUES ('ApplnNr', '40', '630cef8a-b530-11e3-a5b7-3b4ad4bf69af', 1, 'i', 'db:postgres', '2014-03-27 11:48:37.391');
INSERT INTO approle_appgroup (approle_code, appgroup_id, rowidentifier, rowversion, change_action, change_user, change_time) VALUES ('ManageUserPassword', '40', '630cef8a-b530-11e3-bf23-6bae8a8872ec', 1, 'i', 'db:postgres', '2014-03-27 11:48:37.391');
INSERT INTO approle_appgroup (approle_code, appgroup_id, rowidentifier, rowversion, change_action, change_user, change_time) VALUES ('ViewSource', '40', '630cef8a-b530-11e3-bd56-7b75622d0f31', 1, 'i', 'db:postgres', '2014-03-27 11:48:37.391');
INSERT INTO approle_appgroup (approle_code, appgroup_id, rowidentifier, rowversion, change_action, change_user, change_time) VALUES ('PartySearch', '40', '630cef8a-b530-11e3-a079-cfe616ba901c', 1, 'i', 'db:postgres', '2014-03-27 11:48:37.391');
INSERT INTO approle_appgroup (approle_code, appgroup_id, rowidentifier, rowversion, change_action, change_user, change_time) VALUES ('ApplnApprove', '40', '630cef8a-b530-11e3-b19a-cf78f34900dd', 1, 'i', 'db:postgres', '2014-03-27 11:48:37.391');
INSERT INTO approle_appgroup (approle_code, appgroup_id, rowidentifier, rowversion, change_action, change_user, change_time) VALUES ('ApplnReject', '40', '630cef8a-b530-11e3-a301-c7af234ea503', 1, 'i', 'db:postgres', '2014-03-27 11:48:37.391');
INSERT INTO approle_appgroup (approle_code, appgroup_id, rowidentifier, rowversion, change_action, change_user, change_time) VALUES ('ApplnWithdraw', '40', '630cef8a-b530-11e3-b183-2f859428c16c', 1, 'i', 'db:postgres', '2014-03-27 11:48:37.391');
INSERT INTO approle_appgroup (approle_code, appgroup_id, rowidentifier, rowversion, change_action, change_user, change_time) VALUES ('ApplnEdit', '50', '630cef8a-b530-11e3-9feb-1fe1c64f3ad4', 1, 'i', 'db:postgres', '2014-03-27 11:48:37.391');
INSERT INTO approle_appgroup (approle_code, appgroup_id, rowidentifier, rowversion, change_action, change_user, change_time) VALUES ('ApplnView', '50', '630cef8a-b530-11e3-b0ac-677510f23422', 1, 'i', 'db:postgres', '2014-03-27 11:48:37.391');
INSERT INTO approle_appgroup (approle_code, appgroup_id, rowidentifier, rowversion, change_action, change_user, change_time) VALUES ('ApplnValidate', '50', '630cef8a-b530-11e3-a7f3-13baceb251a1', 1, 'i', 'db:postgres', '2014-03-27 11:48:37.391');
INSERT INTO approle_appgroup (approle_code, appgroup_id, rowidentifier, rowversion, change_action, change_user, change_time) VALUES ('DashbrdViewUnassign', '50', '630cef8a-b530-11e3-9dcd-233747acbd10', 1, 'i', 'db:postgres', '2014-03-27 11:48:37.391');
INSERT INTO approle_appgroup (approle_code, appgroup_id, rowidentifier, rowversion, change_action, change_user, change_time) VALUES ('SourceSave', '50', '630cef8a-b530-11e3-b507-4b722365aff9', 1, 'i', 'db:postgres', '2014-03-27 11:48:37.391');
INSERT INTO approle_appgroup (approle_code, appgroup_id, rowidentifier, rowversion, change_action, change_user, change_time) VALUES ('ManageUserPassword', '50', '630cef8a-b530-11e3-98fe-b394ea65a30e', 1, 'i', 'db:postgres', '2014-03-27 11:48:37.391');
INSERT INTO approle_appgroup (approle_code, appgroup_id, rowidentifier, rowversion, change_action, change_user, change_time) VALUES ('ViewSource', '50', '630cef8a-b530-11e3-87cf-e7599f59a2a9', 1, 'i', 'db:postgres', '2014-03-27 11:48:37.391');
INSERT INTO approle_appgroup (approle_code, appgroup_id, rowidentifier, rowversion, change_action, change_user, change_time) VALUES ('FeePayment', '50', '630cef8a-b530-11e3-89dc-dff8472498ec', 1, 'i', 'db:postgres', '2014-03-27 11:48:37.391');
INSERT INTO approle_appgroup (approle_code, appgroup_id, rowidentifier, rowversion, change_action, change_user, change_time) VALUES ('PartySave', '50', '630cef8a-b530-11e3-83c2-3b4d91bbfbf4', 1, 'i', 'db:postgres', '2014-03-27 11:48:37.391');
INSERT INTO approle_appgroup (approle_code, appgroup_id, rowidentifier, rowversion, change_action, change_user, change_time) VALUES ('ApplnEdit', '60', '630cef8a-b530-11e3-a3a9-07eff1af7ac6', 1, 'i', 'db:postgres', '2014-03-27 11:48:37.391');
INSERT INTO approle_appgroup (approle_code, appgroup_id, rowidentifier, rowversion, change_action, change_user, change_time) VALUES ('TransactionCommit', '60', '630cef8a-b530-11e3-aaeb-57c644de241c', 1, 'i', 'db:postgres', '2014-03-27 11:48:37.391');
INSERT INTO approle_appgroup (approle_code, appgroup_id, rowidentifier, rowversion, change_action, change_user, change_time) VALUES ('ApplnArchive', '60', '630cef8a-b530-11e3-867c-27b43ee15aee', 1, 'i', 'db:postgres', '2014-03-27 11:48:37.391');
INSERT INTO approle_appgroup (approle_code, appgroup_id, rowidentifier, rowversion, change_action, change_user, change_time) VALUES ('ArchiveApps', '60', '630cef8a-b530-11e3-9c26-9757511b7b28', 1, 'i', 'db:postgres', '2014-03-27 11:48:37.391');
INSERT INTO approle_appgroup (approle_code, appgroup_id, rowidentifier, rowversion, change_action, change_user, change_time) VALUES ('ApplnAssignSelf', '60', '630cef8a-b530-11e3-97c2-1b065ad30cda', 1, 'i', 'db:postgres', '2014-03-27 11:48:37.391');
INSERT INTO approle_appgroup (approle_code, appgroup_id, rowidentifier, rowversion, change_action, change_user, change_time) VALUES ('CancelService', '60', '630cef8a-b530-11e3-a1f8-3367a78db99f', 1, 'i', 'db:postgres', '2014-03-27 11:48:37.391');
INSERT INTO approle_appgroup (approle_code, appgroup_id, rowidentifier, rowversion, change_action, change_user, change_time) VALUES ('CompleteService', '60', '630f50f4-b530-11e3-aed1-77c1cfab49a0', 1, 'i', 'db:postgres', '2014-03-27 11:48:37.391');
INSERT INTO approle_appgroup (approle_code, appgroup_id, rowidentifier, rowversion, change_action, change_user, change_time) VALUES ('ApplnDispatch', '60', '630f50f4-b530-11e3-993a-f39c43ff70d6', 1, 'i', 'db:postgres', '2014-03-27 11:48:37.391');
INSERT INTO approle_appgroup (approle_code, appgroup_id, rowidentifier, rowversion, change_action, change_user, change_time) VALUES ('ApplnStatus', '60', '630f50f4-b530-11e3-97c2-5f9bc3c6452f', 1, 'i', 'db:postgres', '2014-03-27 11:48:37.391');
INSERT INTO approle_appgroup (approle_code, appgroup_id, rowidentifier, rowversion, change_action, change_user, change_time) VALUES ('ApplnCreate', '60', '630f50f4-b530-11e3-a04c-3378ea81ae45', 1, 'i', 'db:postgres', '2014-03-27 11:48:37.391');
INSERT INTO approle_appgroup (approle_code, appgroup_id, rowidentifier, rowversion, change_action, change_user, change_time) VALUES ('PrintMap', '60', '630f50f4-b530-11e3-833c-83e461ffc0d3', 1, 'i', 'db:postgres', '2014-03-27 11:48:37.391');
INSERT INTO approle_appgroup (approle_code, appgroup_id, rowidentifier, rowversion, change_action, change_user, change_time) VALUES ('SourcePrint', '60', '630f50f4-b530-11e3-b125-2b1e5f8e3d46', 1, 'i', 'db:postgres', '2014-03-27 11:48:37.391');
INSERT INTO approle_appgroup (approle_code, appgroup_id, rowidentifier, rowversion, change_action, change_user, change_time) VALUES ('ApplnRequisition', '60', '630f50f4-b530-11e3-9301-33697569b91a', 1, 'i', 'db:postgres', '2014-03-27 11:48:37.391');
INSERT INTO approle_appgroup (approle_code, appgroup_id, rowidentifier, rowversion, change_action, change_user, change_time) VALUES ('ApplnResubmit', '60', '630f50f4-b530-11e3-a48d-5b4037eeb3a3', 1, 'i', 'db:postgres', '2014-03-27 11:48:37.391');
INSERT INTO approle_appgroup (approle_code, appgroup_id, rowidentifier, rowversion, change_action, change_user, change_time) VALUES ('ApplnView', '60', '630f50f4-b530-11e3-b141-03a14ce0dbe2', 1, 'i', 'db:postgres', '2014-03-27 11:48:37.391');
INSERT INTO approle_appgroup (approle_code, appgroup_id, rowidentifier, rowversion, change_action, change_user, change_time) VALUES ('SourceSearch', '60', '630f50f4-b530-11e3-b2be-333fbf06ca33', 1, 'i', 'db:postgres', '2014-03-27 11:48:37.391');
INSERT INTO approle_appgroup (approle_code, appgroup_id, rowidentifier, rowversion, change_action, change_user, change_time) VALUES ('ApplnValidate', '60', '630f50f4-b530-11e3-9cd2-4bdfd671c834', 1, 'i', 'db:postgres', '2014-03-27 11:48:37.391');
INSERT INTO approle_appgroup (approle_code, appgroup_id, rowidentifier, rowversion, change_action, change_user, change_time) VALUES ('DashbrdViewAssign', '60', '630f50f4-b530-11e3-9de5-af5a68f2bcd3', 1, 'i', 'db:postgres', '2014-03-27 11:48:37.391');
INSERT INTO approle_appgroup (approle_code, appgroup_id, rowidentifier, rowversion, change_action, change_user, change_time) VALUES ('ViewMap', '60', '630f50f4-b530-11e3-bb3e-fbc21e5bdc72', 1, 'i', 'db:postgres', '2014-03-27 11:48:37.391');
INSERT INTO approle_appgroup (approle_code, appgroup_id, rowidentifier, rowversion, change_action, change_user, change_time) VALUES ('DashbrdViewOwn', '60', '630f50f4-b530-11e3-9dd7-eb72417da8c8', 1, 'i', 'db:postgres', '2014-03-27 11:48:37.391');
INSERT INTO approle_appgroup (approle_code, appgroup_id, rowidentifier, rowversion, change_action, change_user, change_time) VALUES ('DashbrdViewUnassign', '60', '630f50f4-b530-11e3-bbb3-33fec1c79bd6', 1, 'i', 'db:postgres', '2014-03-27 11:48:37.391');
INSERT INTO approle_appgroup (approle_code, appgroup_id, rowidentifier, rowversion, change_action, change_user, change_time) VALUES ('StartService', '60', '630f50f4-b530-11e3-8073-070fe26c0645', 1, 'i', 'db:postgres', '2014-03-27 11:48:37.391');
INSERT INTO approle_appgroup (approle_code, appgroup_id, rowidentifier, rowversion, change_action, change_user, change_time) VALUES ('PartySave', '60', '630f50f4-b530-11e3-ac21-5b24b031a07d', 1, 'i', 'db:postgres', '2014-03-27 11:48:37.391');
INSERT INTO approle_appgroup (approle_code, appgroup_id, rowidentifier, rowversion, change_action, change_user, change_time) VALUES ('ApplnUnassignSelf', '60', '630f50f4-b530-11e3-90f7-676164919515', 1, 'i', 'db:postgres', '2014-03-27 11:48:37.391');
INSERT INTO approle_appgroup (approle_code, appgroup_id, rowidentifier, rowversion, change_action, change_user, change_time) VALUES ('BaunitCertificate', '60', '630f50f4-b530-11e3-a16d-1387e5ff14f5', 1, 'i', 'db:postgres', '2014-03-27 11:48:37.391');
INSERT INTO approle_appgroup (approle_code, appgroup_id, rowidentifier, rowversion, change_action, change_user, change_time) VALUES ('BaunitNotatSave', '60', '630f50f4-b530-11e3-a417-2fe96b0edafd', 1, 'i', 'db:postgres', '2014-03-27 11:48:37.391');
INSERT INTO approle_appgroup (approle_code, appgroup_id, rowidentifier, rowversion, change_action, change_user, change_time) VALUES ('BaunitParcelSave', '60', '630f50f4-b530-11e3-8347-c39170d20383', 1, 'i', 'db:postgres', '2014-03-27 11:48:37.391');
INSERT INTO approle_appgroup (approle_code, appgroup_id, rowidentifier, rowversion, change_action, change_user, change_time) VALUES ('BaunitSave', '60', '630f50f4-b530-11e3-98a1-d3bb42008e8c', 1, 'i', 'db:postgres', '2014-03-27 11:48:37.391');
INSERT INTO approle_appgroup (approle_code, appgroup_id, rowidentifier, rowversion, change_action, change_user, change_time) VALUES ('BaunitSearch', '60', '630f50f4-b530-11e3-ab60-1b001e2a164d', 1, 'i', 'db:postgres', '2014-03-27 11:48:37.391');
INSERT INTO approle_appgroup (approle_code, appgroup_id, rowidentifier, rowversion, change_action, change_user, change_time) VALUES ('BauunitrrrSave', '60', '630f50f4-b530-11e3-aafd-2bd1e469df94', 1, 'i', 'db:postgres', '2014-03-27 11:48:37.391');
INSERT INTO approle_appgroup (approle_code, appgroup_id, rowidentifier, rowversion, change_action, change_user, change_time) VALUES ('RevertService', '60', '630f50f4-b530-11e3-b4f4-5334659b161d', 1, 'i', 'db:postgres', '2014-03-27 11:48:37.391');
INSERT INTO approle_appgroup (approle_code, appgroup_id, rowidentifier, rowversion, change_action, change_user, change_time) VALUES ('SourceSave', '60', '630f50f4-b530-11e3-98d6-b3698dc21fab', 1, 'i', 'db:postgres', '2014-03-27 11:48:37.391');
INSERT INTO approle_appgroup (approle_code, appgroup_id, rowidentifier, rowversion, change_action, change_user, change_time) VALUES ('ParcelSave', '60', '630f50f4-b530-11e3-82ce-8f921ebc126d', 1, 'i', 'db:postgres', '2014-03-27 11:48:37.391');
INSERT INTO approle_appgroup (approle_code, appgroup_id, rowidentifier, rowversion, change_action, change_user, change_time) VALUES ('ManageUserPassword', '60', '630f50f4-b530-11e3-806e-8b48ca79cf59', 1, 'i', 'db:postgres', '2014-03-27 11:48:37.391');
INSERT INTO approle_appgroup (approle_code, appgroup_id, rowidentifier, rowversion, change_action, change_user, change_time) VALUES ('ViewSource', '60', '6311b254-b530-11e3-8472-03dc2528136c', 1, 'i', 'db:postgres', '2014-03-27 11:48:37.391');
INSERT INTO approle_appgroup (approle_code, appgroup_id, rowidentifier, rowversion, change_action, change_user, change_time) VALUES ('lifeEstate', '60', '6311b254-b530-11e3-87dc-d3e7916be959', 1, 'i', 'db:postgres', '2014-03-27 11:48:37.391');
INSERT INTO approle_appgroup (approle_code, appgroup_id, rowidentifier, rowversion, change_action, change_user, change_time) VALUES ('removeLifeEstate', '60', '6311b254-b530-11e3-9142-83c496201358', 1, 'i', 'db:postgres', '2014-03-27 11:48:37.391');
INSERT INTO approle_appgroup (approle_code, appgroup_id, rowidentifier, rowversion, change_action, change_user, change_time) VALUES ('newFreehold', '60', '6311b254-b530-11e3-9a3c-bfbee76aae43', 1, 'i', 'db:postgres', '2014-03-27 11:48:37.391');
INSERT INTO approle_appgroup (approle_code, appgroup_id, rowidentifier, rowversion, change_action, change_user, change_time) VALUES ('varyTitle', '60', '6311b254-b530-11e3-9f50-d3fd892d9cbc', 1, 'i', 'db:postgres', '2014-03-27 11:48:37.391');
INSERT INTO approle_appgroup (approle_code, appgroup_id, rowidentifier, rowversion, change_action, change_user, change_time) VALUES ('regnOnTitle', '60', '6311b254-b530-11e3-867f-ff82ea825141', 1, 'i', 'db:postgres', '2014-03-27 11:48:37.391');
INSERT INTO approle_appgroup (approle_code, appgroup_id, rowidentifier, rowversion, change_action, change_user, change_time) VALUES ('registerLease', '60', '6311b254-b530-11e3-b6ea-67f1d299a4a3', 1, 'i', 'db:postgres', '2014-03-27 11:48:37.391');
INSERT INTO approle_appgroup (approle_code, appgroup_id, rowidentifier, rowversion, change_action, change_user, change_time) VALUES ('newOwnership', '60', '6311b254-b530-11e3-92a4-638ed80d3892', 1, 'i', 'db:postgres', '2014-03-27 11:48:37.391');
INSERT INTO approle_appgroup (approle_code, appgroup_id, rowidentifier, rowversion, change_action, change_user, change_time) VALUES ('mortgage', '60', '6311b254-b530-11e3-91bf-47b6789205ec', 1, 'i', 'db:postgres', '2014-03-27 11:48:37.391');
INSERT INTO approle_appgroup (approle_code, appgroup_id, rowidentifier, rowversion, change_action, change_user, change_time) VALUES ('easement', '60', '6311b254-b530-11e3-a7b9-672b4622c082', 1, 'i', 'db:postgres', '2014-03-27 11:48:37.391');
INSERT INTO approle_appgroup (approle_code, appgroup_id, rowidentifier, rowversion, change_action, change_user, change_time) VALUES ('removeEasement', '60', '6311b254-b530-11e3-95b2-0ff6f8b6d05a', 1, 'i', 'db:postgres', '2014-03-27 11:48:37.391');
INSERT INTO approle_appgroup (approle_code, appgroup_id, rowidentifier, rowversion, change_action, change_user, change_time) VALUES ('caveat', '60', '6311b254-b530-11e3-962d-77d90aa4c743', 1, 'i', 'db:postgres', '2014-03-27 11:48:37.391');
INSERT INTO approle_appgroup (approle_code, appgroup_id, rowidentifier, rowversion, change_action, change_user, change_time) VALUES ('removeCaveat', '60', '6311b254-b530-11e3-8a9e-478dc129d6b1', 1, 'i', 'db:postgres', '2014-03-27 11:48:37.391');
INSERT INTO approle_appgroup (approle_code, appgroup_id, rowidentifier, rowversion, change_action, change_user, change_time) VALUES ('varyLease', '60', '6311b254-b530-11e3-bd67-9b9b4010a535', 1, 'i', 'db:postgres', '2014-03-27 11:48:37.391');
INSERT INTO approle_appgroup (approle_code, appgroup_id, rowidentifier, rowversion, change_action, change_user, change_time) VALUES ('removeRight', '60', '6311b254-b530-11e3-9324-cbaa6c3565e2', 1, 'i', 'db:postgres', '2014-03-27 11:48:37.391');
INSERT INTO approle_appgroup (approle_code, appgroup_id, rowidentifier, rowversion, change_action, change_user, change_time) VALUES ('newDigitalTitle', '60', '6311b254-b530-11e3-9c5f-93bea9b56d11', 1, 'i', 'db:postgres', '2014-03-27 11:48:37.391');
INSERT INTO approle_appgroup (approle_code, appgroup_id, rowidentifier, rowversion, change_action, change_user, change_time) VALUES ('removeRestriction', '60', '6311b254-b530-11e3-b68d-9fbc41f4d7ac', 1, 'i', 'db:postgres', '2014-03-27 11:48:37.391');
INSERT INTO approle_appgroup (approle_code, appgroup_id, rowidentifier, rowversion, change_action, change_user, change_time) VALUES ('variationMortgage', '60', '6311b254-b530-11e3-a515-eb00a8ee5490', 1, 'i', 'db:postgres', '2014-03-27 11:48:37.391');
INSERT INTO approle_appgroup (approle_code, appgroup_id, rowidentifier, rowversion, change_action, change_user, change_time) VALUES ('proclamation', '60', '6311b254-b530-11e3-b019-67d2aff746a7', 1, 'i', 'db:postgres', '2014-03-27 11:48:37.391');
INSERT INTO approle_appgroup (approle_code, appgroup_id, rowidentifier, rowversion, change_action, change_user, change_time) VALUES ('order', '60', '6311b254-b530-11e3-a0c3-bfa3a27a80cb', 1, 'i', 'db:postgres', '2014-03-27 11:48:37.391');
INSERT INTO approle_appgroup (approle_code, appgroup_id, rowidentifier, rowversion, change_action, change_user, change_time) VALUES ('subLease', '60', '6311b254-b530-11e3-a22b-bbc858eaeb51', 1, 'i', 'db:postgres', '2014-03-27 11:48:37.391');
INSERT INTO approle_appgroup (approle_code, appgroup_id, rowidentifier, rowversion, change_action, change_user, change_time) VALUES ('registrarCorrection', '60', '6311b254-b530-11e3-b4ce-13c6bdf03320', 1, 'i', 'db:postgres', '2014-03-27 11:48:37.391');
INSERT INTO approle_appgroup (approle_code, appgroup_id, rowidentifier, rowversion, change_action, change_user, change_time) VALUES ('registrarCancel', '60', '6311b254-b530-11e3-843c-bb165a51c2fd', 1, 'i', 'db:postgres', '2014-03-27 11:48:37.391');
INSERT INTO approle_appgroup (approle_code, appgroup_id, rowidentifier, rowversion, change_action, change_user, change_time) VALUES ('removeOrder', '60', '6311b254-b530-11e3-8c00-53df0a79aff4', 1, 'i', 'db:postgres', '2014-03-27 11:48:37.391');
INSERT INTO approle_appgroup (approle_code, appgroup_id, rowidentifier, rowversion, change_action, change_user, change_time) VALUES ('removeProclamation', '60', '6311b254-b530-11e3-8912-8fa11b2e20a7', 1, 'i', 'db:postgres', '2014-03-27 11:48:37.391');
INSERT INTO approle_appgroup (approle_code, appgroup_id, rowidentifier, rowversion, change_action, change_user, change_time) VALUES ('cancelProperty', '60', '6311b254-b530-11e3-8b51-bfca411275e1', 1, 'i', 'db:postgres', '2014-03-27 11:48:37.391');
INSERT INTO approle_appgroup (approle_code, appgroup_id, rowidentifier, rowversion, change_action, change_user, change_time) VALUES ('varyCaveat', '60', '6311b254-b530-11e3-9040-3f103d8d9ac3', 1, 'i', 'db:postgres', '2014-03-27 11:48:37.391');
INSERT INTO approle_appgroup (approle_code, appgroup_id, rowidentifier, rowversion, change_action, change_user, change_time) VALUES ('transmission', '60', '6311b254-b530-11e3-966c-93449cb31d94', 1, 'i', 'db:postgres', '2014-03-27 11:48:37.391');
INSERT INTO approle_appgroup (approle_code, appgroup_id, rowidentifier, rowversion, change_action, change_user, change_time) VALUES ('removeTransmission', '60', '6311b254-b530-11e3-8b1b-db79698aa463', 1, 'i', 'db:postgres', '2014-03-27 11:48:37.391');
INSERT INTO approle_appgroup (approle_code, appgroup_id, rowidentifier, rowversion, change_action, change_user, change_time) VALUES ('miscellaneous', '60', '631413be-b530-11e3-b739-cbf1da5bc18b', 1, 'i', 'db:postgres', '2014-03-27 11:48:37.391');
INSERT INTO approle_appgroup (approle_code, appgroup_id, rowidentifier, rowversion, change_action, change_user, change_time) VALUES ('cancelMisc', '60', '631413be-b530-11e3-9c03-1b21cb0dbceb', 1, 'i', 'db:postgres', '2014-03-27 11:48:37.391');
INSERT INTO approle_appgroup (approle_code, appgroup_id, rowidentifier, rowversion, change_action, change_user, change_time) VALUES ('regnStandardDocument', '60', '631413be-b530-11e3-a9b1-4f299066cfca', 1, 'i', 'db:postgres', '2014-03-27 11:48:37.391');
INSERT INTO approle_appgroup (approle_code, appgroup_id, rowidentifier, rowversion, change_action, change_user, change_time) VALUES ('regnPowerOfAttorney', '60', '631413be-b530-11e3-943a-df8e3afb7f47', 1, 'i', 'db:postgres', '2014-03-27 11:48:37.391');
INSERT INTO approle_appgroup (approle_code, appgroup_id, rowidentifier, rowversion, change_action, change_user, change_time) VALUES ('cnclPowerOfAttorney', '60', '631413be-b530-11e3-ad4e-1bdc0363accd', 1, 'i', 'db:postgres', '2014-03-27 11:48:37.391');
INSERT INTO approle_appgroup (approle_code, appgroup_id, rowidentifier, rowversion, change_action, change_user, change_time) VALUES ('cnclStandardDocument', '60', '631413be-b530-11e3-b842-8bf603e5c015', 1, 'i', 'db:postgres', '2014-03-27 11:48:37.391');
INSERT INTO approle_appgroup (approle_code, appgroup_id, rowidentifier, rowversion, change_action, change_user, change_time) VALUES ('certifiedCopy', '60', '631413be-b530-11e3-9543-7f8b42c93d85', 1, 'i', 'db:postgres', '2014-03-27 11:48:37.391');
INSERT INTO approle_appgroup (approle_code, appgroup_id, rowidentifier, rowversion, change_action, change_user, change_time) VALUES ('cadastrePrint', '60', '631413be-b530-11e3-9edb-2b59b60c455e', 1, 'i', 'db:postgres', '2014-03-27 11:48:37.391');
INSERT INTO approle_appgroup (approle_code, appgroup_id, rowidentifier, rowversion, change_action, change_user, change_time) VALUES ('cadastreExport', '60', '631413be-b530-11e3-9fd0-2fd074e85791', 1, 'i', 'db:postgres', '2014-03-27 11:48:37.391');
INSERT INTO approle_appgroup (approle_code, appgroup_id, rowidentifier, rowversion, change_action, change_user, change_time) VALUES ('cadastreBulk', '60', '631413be-b530-11e3-afb9-93e61c0e5370', 1, 'i', 'db:postgres', '2014-03-27 11:48:37.391');
INSERT INTO approle_appgroup (approle_code, appgroup_id, rowidentifier, rowversion, change_action, change_user, change_time) VALUES ('ApplnEdit', '70', '631413be-b530-11e3-9929-e77b6a77fa5a', 1, 'i', 'db:postgres', '2014-03-27 11:48:37.391');
INSERT INTO approle_appgroup (approle_code, appgroup_id, rowidentifier, rowversion, change_action, change_user, change_time) VALUES ('ApplnAssignSelf', '70', '631413be-b530-11e3-b612-efb79cc355f4', 1, 'i', 'db:postgres', '2014-03-27 11:48:37.391');
INSERT INTO approle_appgroup (approle_code, appgroup_id, rowidentifier, rowversion, change_action, change_user, change_time) VALUES ('ParcelSave', '70', '631413be-b530-11e3-bc0c-7fa84d434667', 1, 'i', 'db:postgres', '2014-03-27 11:48:37.391');
INSERT INTO approle_appgroup (approle_code, appgroup_id, rowidentifier, rowversion, change_action, change_user, change_time) VALUES ('PartySave', '70', '631413be-b530-11e3-a39c-cf4e43a0b82b', 1, 'i', 'db:postgres', '2014-03-27 11:48:37.391');
INSERT INTO approle_appgroup (approle_code, appgroup_id, rowidentifier, rowversion, change_action, change_user, change_time) VALUES ('SourceSave', '70', '631413be-b530-11e3-97fb-ff017dfc7960', 1, 'i', 'db:postgres', '2014-03-27 11:48:37.391');
INSERT INTO approle_appgroup (approle_code, appgroup_id, rowidentifier, rowversion, change_action, change_user, change_time) VALUES ('ApplnDispatch', '70', '631413be-b530-11e3-a8e2-bff864f8e5dc', 1, 'i', 'db:postgres', '2014-03-27 11:48:37.391');
INSERT INTO approle_appgroup (approle_code, appgroup_id, rowidentifier, rowversion, change_action, change_user, change_time) VALUES ('ApplnStatus', '70', '631413be-b530-11e3-9cdb-0b5905b8c41b', 1, 'i', 'db:postgres', '2014-03-27 11:48:37.391');
INSERT INTO approle_appgroup (approle_code, appgroup_id, rowidentifier, rowversion, change_action, change_user, change_time) VALUES ('PrintMap', '70', '631413be-b530-11e3-b583-4b5c6e02e8e8', 1, 'i', 'db:postgres', '2014-03-27 11:48:37.391');
INSERT INTO approle_appgroup (approle_code, appgroup_id, rowidentifier, rowversion, change_action, change_user, change_time) VALUES ('SourcePrint', '70', '631413be-b530-11e3-ab15-83f5c916a304', 1, 'i', 'db:postgres', '2014-03-27 11:48:37.391');
INSERT INTO approle_appgroup (approle_code, appgroup_id, rowidentifier, rowversion, change_action, change_user, change_time) VALUES ('ApplnView', '70', '631413be-b530-11e3-9fc5-3ff1a9cb1e65', 1, 'i', 'db:postgres', '2014-03-27 11:48:37.391');
INSERT INTO approle_appgroup (approle_code, appgroup_id, rowidentifier, rowversion, change_action, change_user, change_time) VALUES ('BaunitSearch', '70', '631413be-b530-11e3-8d7e-07b1afadfd4e', 1, 'i', 'db:postgres', '2014-03-27 11:48:37.391');
INSERT INTO approle_appgroup (approle_code, appgroup_id, rowidentifier, rowversion, change_action, change_user, change_time) VALUES ('SourceSearch', '70', '631413be-b530-11e3-a2f2-fb22937cdfea', 1, 'i', 'db:postgres', '2014-03-27 11:48:37.391');
INSERT INTO approle_appgroup (approle_code, appgroup_id, rowidentifier, rowversion, change_action, change_user, change_time) VALUES ('ApplnValidate', '70', '631413be-b530-11e3-a353-df4ba5b19f30', 1, 'i', 'db:postgres', '2014-03-27 11:48:37.391');
INSERT INTO approle_appgroup (approle_code, appgroup_id, rowidentifier, rowversion, change_action, change_user, change_time) VALUES ('DashbrdViewAssign', '70', '631413be-b530-11e3-9e91-cfab4f311921', 1, 'i', 'db:postgres', '2014-03-27 11:48:37.391');
INSERT INTO approle_appgroup (approle_code, appgroup_id, rowidentifier, rowversion, change_action, change_user, change_time) VALUES ('ViewMap', '70', '6316751e-b530-11e3-bdcb-e70972f73f3b', 1, 'i', 'db:postgres', '2014-03-27 11:48:37.391');
INSERT INTO approle_appgroup (approle_code, appgroup_id, rowidentifier, rowversion, change_action, change_user, change_time) VALUES ('DashbrdViewOwn', '70', '6316751e-b530-11e3-8e0c-47189f7508e8', 1, 'i', 'db:postgres', '2014-03-27 11:48:37.391');
INSERT INTO approle_appgroup (approle_code, appgroup_id, rowidentifier, rowversion, change_action, change_user, change_time) VALUES ('DashbrdViewUnassign', '70', '6316751e-b530-11e3-8041-77ec1fda3865', 1, 'i', 'db:postgres', '2014-03-27 11:48:37.391');
INSERT INTO approle_appgroup (approle_code, appgroup_id, rowidentifier, rowversion, change_action, change_user, change_time) VALUES ('ApplnUnassignSelf', '70', '6316751e-b530-11e3-af53-5747cd8b35f9', 1, 'i', 'db:postgres', '2014-03-27 11:48:37.391');
INSERT INTO approle_appgroup (approle_code, appgroup_id, rowidentifier, rowversion, change_action, change_user, change_time) VALUES ('ApplnNr', '70', '6316751e-b530-11e3-8a7b-eb60762d43ae', 1, 'i', 'db:postgres', '2014-03-27 11:48:37.391');
INSERT INTO approle_appgroup (approle_code, appgroup_id, rowidentifier, rowversion, change_action, change_user, change_time) VALUES ('ApplnCreate', '70', '6316751e-b530-11e3-9ca9-8f29e808e489', 1, 'i', 'db:postgres', '2014-03-27 11:48:37.391');
INSERT INTO approle_appgroup (approle_code, appgroup_id, rowidentifier, rowversion, change_action, change_user, change_time) VALUES ('ApplnArchive', '70', '6316751e-b530-11e3-863d-57025e631a10', 1, 'i', 'db:postgres', '2014-03-27 11:48:37.391');
INSERT INTO approle_appgroup (approle_code, appgroup_id, rowidentifier, rowversion, change_action, change_user, change_time) VALUES ('ApplnRequisition', '70', '6316751e-b530-11e3-8819-ab415e0b87dc', 1, 'i', 'db:postgres', '2014-03-27 11:48:37.391');
INSERT INTO approle_appgroup (approle_code, appgroup_id, rowidentifier, rowversion, change_action, change_user, change_time) VALUES ('ApplnResubmit', '70', '6316751e-b530-11e3-9387-9765f04320e7', 1, 'i', 'db:postgres', '2014-03-27 11:48:37.391');
INSERT INTO approle_appgroup (approle_code, appgroup_id, rowidentifier, rowversion, change_action, change_user, change_time) VALUES ('ArchiveApps', '70', '6316751e-b530-11e3-8d6c-df3bfcf44952', 1, 'i', 'db:postgres', '2014-03-27 11:48:37.391');
INSERT INTO approle_appgroup (approle_code, appgroup_id, rowidentifier, rowversion, change_action, change_user, change_time) VALUES ('RevertService', '70', '6316751e-b530-11e3-a601-57a9db58155f', 1, 'i', 'db:postgres', '2014-03-27 11:48:37.391');
INSERT INTO approle_appgroup (approle_code, appgroup_id, rowidentifier, rowversion, change_action, change_user, change_time) VALUES ('StartService', '70', '6316751e-b530-11e3-82df-fb65be42367d', 1, 'i', 'db:postgres', '2014-03-27 11:48:37.391');
INSERT INTO approle_appgroup (approle_code, appgroup_id, rowidentifier, rowversion, change_action, change_user, change_time) VALUES ('CancelService', '70', '6316751e-b530-11e3-ae31-770595749a2a', 1, 'i', 'db:postgres', '2014-03-27 11:48:37.391');
INSERT INTO approle_appgroup (approle_code, appgroup_id, rowidentifier, rowversion, change_action, change_user, change_time) VALUES ('TransactionCommit', '70', '6316751e-b530-11e3-8908-ebf6d1062f1f', 1, 'i', 'db:postgres', '2014-03-27 11:48:37.391');
INSERT INTO approle_appgroup (approle_code, appgroup_id, rowidentifier, rowversion, change_action, change_user, change_time) VALUES ('ManageUserPassword', '70', '6316751e-b530-11e3-a147-df900010681a', 1, 'i', 'db:postgres', '2014-03-27 11:48:37.391');
INSERT INTO approle_appgroup (approle_code, appgroup_id, rowidentifier, rowversion, change_action, change_user, change_time) VALUES ('ViewSource', '70', '6316751e-b530-11e3-9caa-7f72ab07ae4b', 1, 'i', 'db:postgres', '2014-03-27 11:48:37.391');
INSERT INTO approle_appgroup (approle_code, appgroup_id, rowidentifier, rowversion, change_action, change_user, change_time) VALUES ('CompleteService', '70', '6316751e-b530-11e3-9e22-f3edce4cdca1', 1, 'i', 'db:postgres', '2014-03-27 11:48:37.391');
INSERT INTO approle_appgroup (approle_code, appgroup_id, rowidentifier, rowversion, change_action, change_user, change_time) VALUES ('cadastreChange', '70', '6316751e-b530-11e3-916c-737ec7f8dd41', 1, 'i', 'db:postgres', '2014-03-27 11:48:37.391');
INSERT INTO approle_appgroup (approle_code, appgroup_id, rowidentifier, rowversion, change_action, change_user, change_time) VALUES ('redefineCadastre', '70', '6316751e-b530-11e3-b63c-4bca8cf552c4', 1, 'i', 'db:postgres', '2014-03-27 11:48:37.391');
INSERT INTO approle_appgroup (approle_code, appgroup_id, rowidentifier, rowversion, change_action, change_user, change_time) VALUES ('ApplnApprove', '60', '6316751e-b530-11e3-9e8c-e7798f737d10', 1, 'i', 'db:postgres', '2014-03-27 11:48:37.391');
INSERT INTO approle_appgroup (approle_code, appgroup_id, rowidentifier, rowversion, change_action, change_user, change_time) VALUES ('ApplnViewUnassignAll', '50', '6316751e-b530-11e3-b38d-bb0c8d6ff109', 1, 'i', 'db:postgres', '2014-03-27 11:48:37.391');
INSERT INTO approle_appgroup (approle_code, appgroup_id, rowidentifier, rowversion, change_action, change_user, change_time) VALUES ('cnclTransmissonAdmin', '60', '6316751e-b530-11e3-9557-27e49ba6d0bd', 1, 'i', 'db:postgres', '2014-03-27 11:48:37.391');
INSERT INTO approle_appgroup (approle_code, appgroup_id, rowidentifier, rowversion, change_action, change_user, change_time) VALUES ('cnclMortgagePOS', '60', '6316751e-b530-11e3-9e54-0fd0fa11e88b', 1, 'i', 'db:postgres', '2014-03-27 11:48:37.391');
INSERT INTO approle_appgroup (approle_code, appgroup_id, rowidentifier, rowversion, change_action, change_user, change_time) VALUES ('planNoCoords', '70', '6316751e-b530-11e3-bb18-2302ada7cfa3', 1, 'i', 'db:postgres', '2014-03-27 11:48:37.391');
INSERT INTO approle_appgroup (approle_code, appgroup_id, rowidentifier, rowversion, change_action, change_user, change_time) VALUES ('ExportMap', '70', '6316751e-b530-11e3-b55a-9b22cd600f5d', 1, 'i', 'db:postgres', '2014-03-27 11:48:37.391');
INSERT INTO approle_appgroup (approle_code, appgroup_id, rowidentifier, rowversion, change_action, change_user, change_time) VALUES ('ApplnView', '80', '6316751e-b530-11e3-9310-47d2566a76de', 1, 'i', 'db:postgres', '2014-03-27 11:48:37.391');
INSERT INTO approle_appgroup (approle_code, appgroup_id, rowidentifier, rowversion, change_action, change_user, change_time) VALUES ('SourceSearch', '80', '6316751e-b530-11e3-acc7-474b276ddd62', 1, 'i', 'db:postgres', '2014-03-27 11:48:37.391');
INSERT INTO approle_appgroup (approle_code, appgroup_id, rowidentifier, rowversion, change_action, change_user, change_time) VALUES ('ViewMap', '80', '6316751e-b530-11e3-b45a-cf652d8f70a6', 1, 'i', 'db:postgres', '2014-03-27 11:48:37.391');
INSERT INTO approle_appgroup (approle_code, appgroup_id, rowidentifier, rowversion, change_action, change_user, change_time) VALUES ('ManageUserPassword', '80', '6318d688-b530-11e3-b9d4-ef0ad1a015c9', 1, 'i', 'db:postgres', '2014-03-27 11:48:37.391');
INSERT INTO approle_appgroup (approle_code, appgroup_id, rowidentifier, rowversion, change_action, change_user, change_time) VALUES ('ViewSource', '80', '6318d688-b530-11e3-8094-ff3228fc6468', 1, 'i', 'db:postgres', '2014-03-27 11:48:37.391');
INSERT INTO approle_appgroup (approle_code, appgroup_id, rowidentifier, rowversion, change_action, change_user, change_time) VALUES ('PrintMap', '80', '6318d688-b530-11e3-bdc7-ff952093e010', 1, 'i', 'db:postgres', '2014-03-27 11:48:37.391');
INSERT INTO approle_appgroup (approle_code, appgroup_id, rowidentifier, rowversion, change_action, change_user, change_time) VALUES ('ExportMap', '80', '6318d688-b530-11e3-a176-3f553ddf3421', 1, 'i', 'db:postgres', '2014-03-27 11:48:37.391');
INSERT INTO approle_appgroup (approle_code, appgroup_id, rowidentifier, rowversion, change_action, change_user, change_time) VALUES ('BaunitCertificate', '5654ca9a-595d-4a25-9809-0899dcb93673', '6318d688-b530-11e3-bc0b-2b02ddd525ee', 1, 'i', 'db:postgres', '2014-03-27 11:48:37.391');
INSERT INTO approle_appgroup (approle_code, appgroup_id, rowidentifier, rowversion, change_action, change_user, change_time) VALUES ('ReportGenerate', '5654ca9a-595d-4a25-9809-0899dcb93673', '6318d688-b530-11e3-a9cb-e795cdfc12fb', 1, 'i', 'db:postgres', '2014-03-27 11:48:37.391');
INSERT INTO approle_appgroup (approle_code, appgroup_id, rowidentifier, rowversion, change_action, change_user, change_time) VALUES ('ApplnStatus', '5654ca9a-595d-4a25-9809-0899dcb93673', '6318d688-b530-11e3-9b0c-ff6ea78a747e', 1, 'i', 'db:postgres', '2014-03-27 11:48:37.391');
INSERT INTO approle_appgroup (approle_code, appgroup_id, rowidentifier, rowversion, change_action, change_user, change_time) VALUES ('PrintMap', '5654ca9a-595d-4a25-9809-0899dcb93673', '6318d688-b530-11e3-87ee-f795fc1c5230', 1, 'i', 'db:postgres', '2014-03-27 11:48:37.391');
INSERT INTO approle_appgroup (approle_code, appgroup_id, rowidentifier, rowversion, change_action, change_user, change_time) VALUES ('SourcePrint', '5654ca9a-595d-4a25-9809-0899dcb93673', '6318d688-b530-11e3-91bc-93626d623c08', 1, 'i', 'db:postgres', '2014-03-27 11:48:37.391');
INSERT INTO approle_appgroup (approle_code, appgroup_id, rowidentifier, rowversion, change_action, change_user, change_time) VALUES ('BaunitSearch', '5654ca9a-595d-4a25-9809-0899dcb93673', '6318d688-b530-11e3-a84f-1fe7aea4bed4', 1, 'i', 'db:postgres', '2014-03-27 11:48:37.391');
INSERT INTO approle_appgroup (approle_code, appgroup_id, rowidentifier, rowversion, change_action, change_user, change_time) VALUES ('ApplnView', '5654ca9a-595d-4a25-9809-0899dcb93673', '6318d688-b530-11e3-9cfa-437ac32d9504', 1, 'i', 'db:postgres', '2014-03-27 11:48:37.391');
INSERT INTO approle_appgroup (approle_code, appgroup_id, rowidentifier, rowversion, change_action, change_user, change_time) VALUES ('SourceSearch', '5654ca9a-595d-4a25-9809-0899dcb93673', '6318d688-b530-11e3-ba8e-af31fdc6d514', 1, 'i', 'db:postgres', '2014-03-27 11:48:37.391');
INSERT INTO approle_appgroup (approle_code, appgroup_id, rowidentifier, rowversion, change_action, change_user, change_time) VALUES ('ViewSource', '5654ca9a-595d-4a25-9809-0899dcb93673', '6318d688-b530-11e3-ae3b-0311dfe0c826', 1, 'i', 'db:postgres', '2014-03-27 11:48:37.391');
INSERT INTO approle_appgroup (approle_code, appgroup_id, rowidentifier, rowversion, change_action, change_user, change_time) VALUES ('ViewMap', '5654ca9a-595d-4a25-9809-0899dcb93673', '6318d688-b530-11e3-be8c-5bbdf1551051', 1, 'i', 'db:postgres', '2014-03-27 11:48:37.391');
INSERT INTO approle_appgroup (approle_code, appgroup_id, rowidentifier, rowversion, change_action, change_user, change_time) VALUES ('ManageUserPassword', '5654ca9a-595d-4a25-9809-0899dcb93673', '6318d688-b530-11e3-a6a7-0ff9dfcb1739', 1, 'i', 'db:postgres', '2014-03-27 11:48:37.391');
INSERT INTO approle_appgroup (approle_code, appgroup_id, rowidentifier, rowversion, change_action, change_user, change_time) VALUES ('ViewMap', 'cbca8c4f-635c-4144-91af-726cba414f5f', '6318d688-b530-11e3-9675-c719dc765ec2', 1, 'i', 'db:postgres', '2014-03-27 11:48:37.391');
INSERT INTO approle_appgroup (approle_code, appgroup_id, rowidentifier, rowversion, change_action, change_user, change_time) VALUES ('ManageUserPassword', 'cbca8c4f-635c-4144-91af-726cba414f5f', '6318d688-b530-11e3-8734-3b91bca67e81', 1, 'i', 'db:postgres', '2014-03-27 11:48:37.391');
INSERT INTO approle_appgroup (approle_code, appgroup_id, rowidentifier, rowversion, change_action, change_user, change_time) VALUES ('ChangePassword', '10', '633eecec-b530-11e3-abb0-93cbba2af47a', 1, 'i', 'db:postgres', '2014-03-27 11:48:37.391');
INSERT INTO approle_appgroup (approle_code, appgroup_id, rowidentifier, rowversion, change_action, change_user, change_time) VALUES ('ChangePassword', '20', '633eecec-b530-11e3-98d2-43edeb22fea3', 1, 'i', 'db:postgres', '2014-03-27 11:48:37.391');
INSERT INTO approle_appgroup (approle_code, appgroup_id, rowidentifier, rowversion, change_action, change_user, change_time) VALUES ('ChangePassword', '30', '633eecec-b530-11e3-9759-4b55f7abb290', 1, 'i', 'db:postgres', '2014-03-27 11:48:37.391');
INSERT INTO approle_appgroup (approle_code, appgroup_id, rowidentifier, rowversion, change_action, change_user, change_time) VALUES ('ChangePassword', '40', '633eecec-b530-11e3-913e-2bc321d523a4', 1, 'i', 'db:postgres', '2014-03-27 11:48:37.391');
INSERT INTO approle_appgroup (approle_code, appgroup_id, rowidentifier, rowversion, change_action, change_user, change_time) VALUES ('ChangePassword', '50', '633eecec-b530-11e3-a6a3-af80dfa015b7', 1, 'i', 'db:postgres', '2014-03-27 11:48:37.391');
INSERT INTO approle_appgroup (approle_code, appgroup_id, rowidentifier, rowversion, change_action, change_user, change_time) VALUES ('ChangePassword', '60', '633eecec-b530-11e3-b276-6397d995048f', 1, 'i', 'db:postgres', '2014-03-27 11:48:37.391');
INSERT INTO approle_appgroup (approle_code, appgroup_id, rowidentifier, rowversion, change_action, change_user, change_time) VALUES ('ChangePassword', '70', '633eecec-b530-11e3-aa61-87c23c40e349', 1, 'i', 'db:postgres', '2014-03-27 11:48:37.391');
INSERT INTO approle_appgroup (approle_code, appgroup_id, rowidentifier, rowversion, change_action, change_user, change_time) VALUES ('ChangePassword', '80', '633eecec-b530-11e3-80f6-13bd987559a8', 1, 'i', 'db:postgres', '2014-03-27 11:48:37.391');
INSERT INTO approle_appgroup (approle_code, appgroup_id, rowidentifier, rowversion, change_action, change_user, change_time) VALUES ('ChangePassword', '5654ca9a-595d-4a25-9809-0899dcb93673', '633eecec-b530-11e3-ac95-ff2a42fe1278', 1, 'i', 'db:postgres', '2014-03-27 11:48:37.391');
INSERT INTO approle_appgroup (approle_code, appgroup_id, rowidentifier, rowversion, change_action, change_user, change_time) VALUES ('ChangePassword', 'cbca8c4f-635c-4144-91af-726cba414f5f', '633eecec-b530-11e3-b543-2bc37af720fe', 1, 'i', 'db:postgres', '2014-03-27 11:48:37.391');


ALTER TABLE approle_appgroup ENABLE TRIGGER ALL;

--
-- TOC entry 3968 (class 0 OID 55454)
-- Dependencies: 223
-- Data for Name: appuser; Type: TABLE DATA; Schema: system; Owner: postgres
--

ALTER TABLE appuser DISABLE TRIGGER ALL;

INSERT INTO appuser (id, username, first_name, last_name, passwd, active, description, rowidentifier, rowversion, change_action, change_user, change_time) VALUES ('46f8e336-e993-40ab-a7a1-a3e674abf741', 'amataga', 'Amataga', 'Penaia', 'a28cccdf631314bd8a86edcca981ac89931b944b297cbe85312eeadcca5abab2', true, NULL, 'd0e23a2f-d9d6-4c58-ba26-e0e2529bf65d', 2, 'u', 'charles', '2015-01-26 11:48:30.333');
INSERT INTO appuser (id, username, first_name, last_name, passwd, active, description, rowidentifier, rowversion, change_action, change_user, change_time) VALUES ('a6f6a72e-1d19-43d0-a87b-421915067cd3', 'angela', 'Angela', 'Atoaga', 'e094d8ed2f5ff68fe8d73e66c41d0a731ed2d24cda9ba9ba810f78fcd436c028', true, NULL, '5270a02d-a399-4453-9ae9-7314b2fcaa7e', 12, 'u', 'angela', '2015-07-23 09:17:16.973');
INSERT INTO appuser (id, username, first_name, last_name, passwd, active, description, rowidentifier, rowversion, change_action, change_user, change_time) VALUES ('test-id', 'test', 'Test', 'The BOSS', '7e2dff3c8e56a95708bf095ffaf0213ff756319606541b3ac89d1ad60705d0cd', false, NULL, 'd3804090-3445-11e2-96d3-abe8573edd69', 7, 'u', 'andrew', '2014-03-27 11:48:37.391');
INSERT INTO appuser (id, username, first_name, last_name, passwd, active, description, rowidentifier, rowversion, change_action, change_user, change_time) VALUES ('35f52bc7-4d82-4986-a9bf-46ca85392202', 'joshua', 'Joshua', 'Satomai', 'ecb7028d2728fc9dab9c78f9556a9fe3d729fbe4b0852d426fbee0e8cbf19a1a', true, NULL, '025cb0b8-1ea7-4698-ac55-11dee40755d8', 8, 'u', 'joshua', '2015-02-16 12:49:03.57');
INSERT INTO appuser (id, username, first_name, last_name, passwd, active, description, rowidentifier, rowversion, change_action, change_user, change_time) VALUES ('673eeeaa-3435-11e2-ba68-ff851a3828b9', 'tuaoloa', 'Tuaoloa', 'Pokati', '1674d35b13548095d7e80a42ff601435d654bfa25123779f8e014ea05b16e36e', true, NULL, '673f15ba-3435-11e2-b45c-37a1b7703f28', 17, 'u', 'tuaoloa', '2015-04-13 09:52:03.811');
INSERT INTO appuser (id, username, first_name, last_name, passwd, active, description, rowidentifier, rowversion, change_action, change_user, change_time) VALUES ('673fd90a-3435-11e2-8f0b-bffcc5e5c194', 'petania', 'Petania', 'Tuala', 'f30622cc8b31b2ca3bf2b27a1fb9caf3dbc73e115258b30f89bab5bcd5ad4e3d', true, NULL, '6740001a-3435-11e2-8884-e70a90fd02d2', 17, 'u', 'petania', '2015-06-19 15:44:44.76');
INSERT INTO appuser (id, username, first_name, last_name, passwd, active, description, rowidentifier, rowversion, change_action, change_user, change_time) VALUES ('E0319B8C-E511-4702-B1B7-C723245824FB', 'fala', 'Fala', 'Selesele', '570b4284171a85d63078c2db327c2c8c7edb565f0dad0b6961ecfde7053c6153', true, NULL, 'd7b2f83c-3432-11e2-920c-8fff30b2ba76', 17, 'u', 'fala', '2015-07-17 09:57:59.781');
INSERT INTO appuser (id, username, first_name, last_name, passwd, active, description, rowidentifier, rowversion, change_action, change_user, change_time) VALUES ('19B6C313-40B4-45BF-BC22-CA0D5572A249', 'dennis', 'Dennis', 'Brady', '9f86d081884c7d659a2feaa0c55ad015a3bf4f1b2b0b822cd15d6c15b0f00a08', false, NULL, 'd7b2aa1c-3432-11e2-aebc-8faad9a202d1', 5, 'u', 'andrew', '2014-03-27 11:48:37.391');
INSERT INTO appuser (id, username, first_name, last_name, passwd, active, description, rowidentifier, rowversion, change_action, change_user, change_time) VALUES ('19B86E80-CDF9-4B23-802A-9DEA4D50FF05', 'moira', 'Moira', 'Faletutulu', '9f86d081884c7d659a2feaa0c55ad015a3bf4f1b2b0b822cd15d6c15b0f00a08', false, NULL, 'd7b36d6c-3432-11e2-8fae-cb111e653506', 5, 'u', 'andrew', '2014-03-27 11:48:37.391');
INSERT INTO appuser (id, username, first_name, last_name, passwd, active, description, rowidentifier, rowversion, change_action, change_user, change_time) VALUES ('6CBF1597-4EE0-4A03-8061-2DAD87DA26C7', 'nimo', 'Faanimo', 'Reti-Warren', '9f86d081884c7d659a2feaa0c55ad015a3bf4f1b2b0b822cd15d6c15b0f00a08', false, NULL, 'd7b409b6-3432-11e2-8561-2f040a0f2d19', 5, 'u', 'andrew', '2014-03-27 11:48:37.391');
INSERT INTO appuser (id, username, first_name, last_name, passwd, active, description, rowidentifier, rowversion, change_action, change_user, change_time) VALUES ('22F33D5E-7F84-490C-9751-0645BD5CF1AC', 'sefo', 'Sefo', 'Sa''e', '9f86d081884c7d659a2feaa0c55ad015a3bf4f1b2b0b822cd15d6c15b0f00a08', false, NULL, 'd7b51b26-3432-11e2-a490-87361e041bd9', 5, 'u', 'andrew', '2014-03-27 11:48:37.391');
INSERT INTO appuser (id, username, first_name, last_name, passwd, active, description, rowidentifier, rowversion, change_action, change_user, change_time) VALUES ('673f8aea-3435-11e2-afe7-5fb6601c2f75', 'larry', 'Larry', 'Fasimaau', 'a0f16ba6c577f6534279f36ded8a186b5fa6d3cf66271ada172e879ca9bf3964', true, NULL, '673fb1fa-3435-11e2-91f3-8bbb61a3af3c', 7, 'u', 'andrew', '2014-03-27 11:48:37.391');
INSERT INTO appuser (id, username, first_name, last_name, passwd, active, description, rowidentifier, rowversion, change_action, change_user, change_time) VALUES ('5F856781-FF88-43F6-9069-3529EFF2C4BC', 'tuii', 'Tui''i', 'Taua', '9f86d081884c7d659a2feaa0c55ad015a3bf4f1b2b0b822cd15d6c15b0f00a08', false, NULL, 'd7b5de76-3432-11e2-bbfa-b7545e5fab42', 6, 'u', 'andrew', '2014-03-27 11:48:37.391');
INSERT INTO appuser (id, username, first_name, last_name, passwd, active, description, rowidentifier, rowversion, change_action, change_user, change_time) VALUES ('D259AE0D-A878-4D0A-B426-B84EC6F1FC7A', 'fala2', 'Fala', 'Selesele (2)', '9f86d081884c7d659a2feaa0c55ad015a3bf4f1b2b0b822cd15d6c15b0f00a08', false, NULL, 'd7b67ac0-3432-11e2-97bc-177fe46d5ce5', 6, 'u', 'andrew', '2014-03-27 11:48:37.391');
INSERT INTO appuser (id, username, first_name, last_name, passwd, active, description, rowidentifier, rowversion, change_action, change_user, change_time) VALUES ('85BE57CD-3AB3-46BC-B0B2-0E10D1AA5338', 'niko2', 'Falaniko', 'Afaese (2)', '9f86d081884c7d659a2feaa0c55ad015a3bf4f1b2b0b822cd15d6c15b0f00a08', false, NULL, 'd7b6a1d0-3432-11e2-a6ad-8fdc4217ada0', 6, 'u', 'andrew', '2014-03-27 11:48:37.391');
INSERT INTO appuser (id, username, first_name, last_name, passwd, active, description, rowidentifier, rowversion, change_action, change_user, change_time) VALUES ('EDF22A75-DD56-4945-AC32-8CC03168FB7E', 'tavita2', 'Tavita', 'Lesatele (2)', '9f86d081884c7d659a2feaa0c55ad015a3bf4f1b2b0b822cd15d6c15b0f00a08', false, NULL, 'd7b6c8e0-3432-11e2-adce-8be6ed622711', 6, 'u', 'andrew', '2014-03-27 11:48:37.391');
INSERT INTO appuser (id, username, first_name, last_name, passwd, active, description, rowidentifier, rowversion, change_action, change_user, change_time) VALUES ('3B6A688C-4F0F-4498-A19D-70BE95AB1F36', 'tua2', 'Tuaena', 'Faasalaina (2)', '9f86d081884c7d659a2feaa0c55ad015a3bf4f1b2b0b822cd15d6c15b0f00a08', false, NULL, 'd7b6eff0-3432-11e2-9435-ef9dccecddbd', 6, 'u', 'andrew', '2014-03-27 11:48:37.391');
INSERT INTO appuser (id, username, first_name, last_name, passwd, active, description, rowidentifier, rowversion, change_action, change_user, change_time) VALUES ('B578EC10-CA95-40A2-8073-E14CBC9D2A45', 'neil', 'Neil', 'Pullar', '7e2dff3c8e56a95708bf095ffaf0213ff756319606541b3ac89d1ad60705d0cd', false, NULL, 'd7b3bb8c-3432-11e2-9910-a7a80ae98ad8', 8, 'u', 'andrew', '2014-03-27 11:48:37.391');
INSERT INTO appuser (id, username, first_name, last_name, passwd, active, description, rowidentifier, rowversion, change_action, change_user, change_time) VALUES ('d56377ec-3445-11e2-9730-7f79d007c7d6', 'qauser', 'Quality Assurance', 'User', 'eadf21066c938cd862cf4bb59f1e36b9a75334b4a8445bb1053e0661446ebcd9', false, NULL, 'd565d94c-3445-11e2-b6dc-4b7f5af73e41', 4, 'u', 'andrew', '2014-03-27 11:48:37.391');
INSERT INTO appuser (id, username, first_name, last_name, passwd, active, description, rowidentifier, rowversion, change_action, change_user, change_time) VALUES ('d56377ec-3445-11e2-8a38-874e23abe3a7', 'landreguser', 'Land Registry', 'User', '3a1fbe3718bec66761c29cbfd640b6b245fd9a728a6115d7ac0e342a39224eef', false, NULL, 'd56377ec-3445-11e2-9e91-ff5a079f16cc', 4, 'u', 'andrew', '2014-03-27 11:48:37.391');
INSERT INTO appuser (id, username, first_name, last_name, passwd, active, description, rowidentifier, rowversion, change_action, change_user, change_time) VALUES ('d56377ec-3445-11e2-b8de-b3d6c2ff5a47', 'admin', 'MNRE', 'Admin', '8c6976e5b5410415bde908bd4dee15dfb167a9c873fc4bb8a81f6f2ab448a918', false, NULL, 'd56377ec-3445-11e2-8cf2-932d94236594', 4, 'u', 'andrew', '2014-03-27 11:48:37.391');
INSERT INTO appuser (id, username, first_name, last_name, passwd, active, description, rowidentifier, rowversion, change_action, change_user, change_time) VALUES ('BA42FC58-6636-4400-B41C-765773F805BC', 'admin2', 'SOLA', 'Admin (2)', '7e2dff3c8e56a95708bf095ffaf0213ff756319606541b3ac89d1ad60705d0cd', false, NULL, 'd7b62c96-3432-11e2-bd36-d779c0ec7d5d', 8, 'u', 'andrew', '2014-03-27 11:48:37.391');
INSERT INTO appuser (id, username, first_name, last_name, passwd, active, description, rowidentifier, rowversion, change_action, change_user, change_time) VALUES ('7b87f030-3446-11e2-8a25-bf0bf85aedd9', 'dcdb-migration', 'DCDB', 'Migration', '7b87f030-3446-11e2-b94c-c3da58144f40', false, 'DCDB Migration User', '7b87f030-3446-11e2-9043-f7af2766009a', 4, 'u', 'andrew', '2014-03-27 11:48:37.391');
INSERT INTO appuser (id, username, first_name, last_name, passwd, active, description, rowidentifier, rowversion, change_action, change_user, change_time) VALUES ('A2439B88-3BFD-4B64-8F72-601C1FDF6C85', 'sita', 'Filisita', 'Heather', 'c497bc65edeab632a0f9239efbe4387ea986dcf6c427ac7a6edd94effc44a823', true, NULL, 'd7b54236-3432-11e2-9f36-fb8c791605fd', 20, 'u', 'sam', '2015-07-13 16:43:16.485');
INSERT INTO appuser (id, username, first_name, last_name, passwd, active, description, rowidentifier, rowversion, change_action, change_user, change_time) VALUES ('673ddd30-3435-11e2-a7a6-4f308915f2b6', 'tufi', 'Tufi', 'Auelua', '5784e88c3cf5a1e8e752a37c150d55548bdc6e90fbdec597d52370042084abd0', true, NULL, '673ddd30-3435-11e2-8d39-47ed22c6ab2e', 16, 'u', 'tufi', '2015-08-11 10:30:54.605');
INSERT INTO appuser (id, username, first_name, last_name, passwd, active, description, rowidentifier, rowversion, change_action, change_user, change_time) VALUES ('ff0c8809-a4ca-46ae-aa22-6be3f7d4c2c9', 'lydia', 'Lydia', 'Ah-Kuoi', '0adb3e451a61fee423da9198705004e4e9a55e867c9446b55050efff730fb650', true, NULL, 'f8d89dc2-53ba-4109-b59b-074bd37f2afc', 10, 'u', 'lydia', '2015-07-14 13:51:47.387');
INSERT INTO appuser (id, username, first_name, last_name, passwd, active, description, rowidentifier, rowversion, change_action, change_user, change_time) VALUES ('32442559-2AC7-4618-8879-9238AC078626', 'niko', 'Falaniko', 'Afaese', 'edfd421d35afd10931f43b505e9dca6d13b79f4a744024949fbf865064271c32', true, NULL, 'd7b3e2a6-3432-11e2-8037-1bad703e2cee', 15, 'u', 'niko', '2015-08-19 08:33:53.417');
INSERT INTO appuser (id, username, first_name, last_name, passwd, active, description, rowidentifier, rowversion, change_action, change_user, change_time) VALUES ('673e2b50-3435-11e2-92d4-d3e10f46f3bd', 'semi', 'Semi', 'Peteru', '49813048190d5397becd105e26531d57519612654ada76c2dd0506c0b2351add', false, NULL, '673e5260-3435-11e2-893e-675d25881792', 17, 'u', 'lydia', '2015-07-14 13:53:32.283');
INSERT INTO appuser (id, username, first_name, last_name, passwd, active, description, rowidentifier, rowversion, change_action, change_user, change_time) VALUES ('f028e32a-6c78-495e-8f5b-93a8acf1b90c', 'charles', 'Charles', 'Pritchard', 'eac64a2261b8d88e3bac3f2f895201cb26f153a6db657c711ea3e5b56a1f39ab', true, NULL, '00b913a5-cca9-4b82-8b44-fb1c62b88132', 14, 'u', 'charles', '2015-04-09 09:34:25.77');
INSERT INTO appuser (id, username, first_name, last_name, passwd, active, description, rowidentifier, rowversion, change_action, change_user, change_time) VALUES ('1d3e9151-5992-4970-8d0d-172370029afb', 'pau', 'Muausa Pau', 'Ioane', 'ae060e315ef732fa49abb9b2cd2d7ab2856373b044462895e10080289b857d90', true, '		', 'fd18479e-fcbd-463e-b848-c69f4f52ec2c', 14, 'u', 'sam', '2015-07-22 14:26:35.065');
INSERT INTO appuser (id, username, first_name, last_name, passwd, active, description, rowidentifier, rowversion, change_action, change_user, change_time) VALUES ('9f88cb8a-ff49-4dc5-a7a5-a1be0e8bc908', 'sam', 'sam', 'paniani', 'f6499315b02b122c8dd3480fcdfa954770eb6da803200d553e2f102fe0c3fa00', true, NULL, '67eba0f2-7977-49c7-95e0-684c56a4b2e8', 19, 'u', 'sam', '2015-08-24 11:17:20.775');
INSERT INTO appuser (id, username, first_name, last_name, passwd, active, description, rowidentifier, rowversion, change_action, change_user, change_time) VALUES ('6b22b21b-1d97-4513-82fa-81d4e678fff3', 'sevao', 'Sevao', 'Steven Ross', 'f7af5ea6380098e9f11981e4d840967ced745eecb644e2a750ed0ce79cef38fb', true, NULL, 'e78d1b97-35da-4990-948f-b221a5945b21', 21, 'u', 'sevao', '2015-07-20 09:31:27.466');
INSERT INTO appuser (id, username, first_name, last_name, passwd, active, description, rowidentifier, rowversion, change_action, change_user, change_time) VALUES ('673cf2d0-3435-11e2-8d79-9bbadfb66eb4', 'andrew', 'Andrew', 'McDowell', 'fc093c6f48bcdad5ddd7964faff3a41c51b337a4824301b96c4d3b293b590c30', true, NULL, '673d19e0-3435-11e2-80c1-fb0ff2417495', 11, 'u', 'andrew', '2014-03-28 10:22:32.375');
INSERT INTO appuser (id, username, first_name, last_name, passwd, active, description, rowidentifier, rowversion, change_action, change_user, change_time) VALUES ('6740754a-3435-11e2-b9f0-f3115a7a6e2e', 'toelau', 'Safuta Toelau', 'Iulio', '41e690f6014670aadec801ffeaaa7bb1a79dd50bc0621d142b4ed400593485db', true, NULL, '67409c5a-3435-11e2-83cf-7bc3c6b322ce', 17, 'u', 'toelau', '2015-01-22 10:04:50.905');
INSERT INTO appuser (id, username, first_name, last_name, passwd, active, description, rowidentifier, rowversion, change_action, change_user, change_time) VALUES ('673f3cca-3435-11e2-9287-7344fd9df7f7', 'pasese', 'Pasese', 'Pasese', '998680314899517d23b211815871c16d00a54c29968acd5bd38ca3aa49081e31', true, NULL, '673f63da-3435-11e2-ac77-4bd0d722627a', 14, 'u', 'lydia', '2015-07-27 09:39:29.613');
INSERT INTO appuser (id, username, first_name, last_name, passwd, active, description, rowidentifier, rowversion, change_action, change_user, change_time) VALUES ('F8556B65-84E7-490F-B86F-73638B5B6230', 'pati', 'Pati', 'Paepae', '752a138157bb5c953d4affed3c12d71a314e65399139b1723e5e9f66e80106ec', true, NULL, 'd7b457d6-3432-11e2-aaca-f374f6a28bd1', 16, 'u', 'pati', '2015-08-24 11:25:28.796');
INSERT INTO appuser (id, username, first_name, last_name, passwd, active, description, rowidentifier, rowversion, change_action, change_user, change_time) VALUES ('F1ECE0D4-773F-4598-858B-6F8A878E30AF', 'pele', 'Pele', 'Fuatai', 'e44a87bed53d11f094888aa52b1bc839548457b45c5afd07a8ea1a5ac0856782', true, NULL, 'd7b47ee6-3432-11e2-ae4b-e741a8fc4b2d', 18, 'u', 'pele', '2015-07-28 13:40:32.697');
INSERT INTO appuser (id, username, first_name, last_name, passwd, active, description, rowidentifier, rowversion, change_action, change_user, change_time) VALUES ('F4D22792-9842-413C-ACFF-B697F10E60F9', 'tavita', 'Tavita', 'Lesatele', 'fc261a5e3e3c85a419825aad1ced0df53b9a3fa69bd439d1610eb99f8de6bcd6', true, NULL, 'd7b59056-3432-11e2-882b-bf48245abdb9', 21, 'u', 'tavita', '2015-08-24 15:46:38.258');
INSERT INTO appuser (id, username, first_name, last_name, passwd, active, description, rowidentifier, rowversion, change_action, change_user, change_time) VALUES ('673ea080-3435-11e2-9164-0b47aa9ede1b', 'ese', 'Ese', 'Suisala', '18fcb1f76994c6191e889422790f6cd36bf210178ea7e329dce708e5dc6b5242', false, NULL, '673ec79a-3435-11e2-ac53-a396e06f8942', 9, 'u', 'lydia', '2015-07-10 09:08:37.287');
INSERT INTO appuser (id, username, first_name, last_name, passwd, active, description, rowidentifier, rowversion, change_action, change_user, change_time) VALUES ('6740272a-3435-11e2-9c29-2f60b79da144', 'fenika', 'Fenika', 'Oloapu', '1c266a4cd5f19846d0e46196f60cb0263f17a555c834f9436e3a44e64c3b921e', false, NULL, '67404e3a-3435-11e2-a24d-dfed019b7f6f', 11, 'u', 'lydia', '2015-07-10 09:08:54.275');
INSERT INTO appuser (id, username, first_name, last_name, passwd, active, description, rowidentifier, rowversion, change_action, change_user, change_time) VALUES ('C3B9742D-6D1D-49E6-B9FE-EA510E0C1A93', 'sapati', 'Sapati', 'Misipati', 'acc1600f03fecc45a8b26a66d02bd136ea93a4b87de2e068fd1e906bf3914e4b', true, NULL, 'd7b4cd06-3432-11e2-985d-7f505ae44041', 14, 'u', 'sapati', '2015-07-13 10:10:11.629');
INSERT INTO appuser (id, username, first_name, last_name, passwd, active, description, rowidentifier, rowversion, change_action, change_user, change_time) VALUES ('04b8f5db-32eb-4251-9bea-51dddc09e8dc', 'viswam', 'Viswam', 'Ainuu', '7d156a73cd3318eccfcdc362af7e842e8ba6207e4011068487aaad0731097ce6', true, NULL, '01510a7a-3e67-47ee-bfd6-109471ebbb86', 11, 'u', 'lydia', '2015-07-28 14:49:00.158');
INSERT INTO appuser (id, username, first_name, last_name, passwd, active, description, rowidentifier, rowversion, change_action, change_user, change_time) VALUES ('f076cf78-a189-447f-85ce-b9533d690217', 'aukuso', 'Aukuso', 'Fruean', 'b62a8062aa33393c435b569c53b47b2d92b98f82345c6d9de675444fbf798a91', true, NULL, '8b3fbede-e6c4-4a60-8526-cda3bf74bfb6', 12, 'u', 'aukuso', '2015-07-13 11:13:23.664');
INSERT INTO appuser (id, username, first_name, last_name, passwd, active, description, rowidentifier, rowversion, change_action, change_user, change_time) VALUES ('E4E6554E-C5B7-4C0B-A98E-8FBE82D3BD01', 'peta', 'Elisapeta', 'Leato', '6a5ef2f3dc474db4dc5dec5ac00883f1729e4df7e1a7236b1b76c53a56b934b5', true, NULL, 'd7b2d12c-3432-11e2-9855-eb5ecbdb01b3', 15, 'u', 'sam', '2015-06-15 16:02:30.267');
INSERT INTO appuser (id, username, first_name, last_name, passwd, active, description, rowidentifier, rowversion, change_action, change_user, change_time) VALUES ('a1537fe7-b743-4405-8043-83bb81f8a79f', 'safuta', 'Safuta', 'Toelau', '949bcafe592c0c1b544b699261b9a79c6df43dc04e7d2fa2dbc459a6d5ec0bcd', true, NULL, 'bab2ad6e-13d7-4026-a034-91ea6aad6c52', 9, 'u', 'sam', '2015-08-04 10:13:06.135');
INSERT INTO appuser (id, username, first_name, last_name, passwd, active, description, rowidentifier, rowversion, change_action, change_user, change_time) VALUES ('9E56EA06-3EAB-49A5-89E6-AB71F5C199AB', 'tua', 'Tuaena', 'Faasalaina', '079c3902994e7671e8733ee5f59bfe1f5a1127da20a482409ff41b5733b28e7f', true, NULL, 'd7b5b766-3432-11e2-b14d-7f67e4f6e7f7', 15, 'u', 'tua', '2015-06-29 09:24:29.364');


ALTER TABLE appuser ENABLE TRIGGER ALL;

--
-- TOC entry 3972 (class 0 OID 56649)
-- Dependencies: 332
-- Data for Name: appuser_appgroup; Type: TABLE DATA; Schema: system; Owner: postgres
--

ALTER TABLE appuser_appgroup DISABLE TRIGGER ALL;

INSERT INTO appuser_appgroup (appuser_id, appgroup_id, rowidentifier, rowversion, change_action, change_user, change_time) VALUES ('d56377ec-3445-11e2-b8de-b3d6c2ff5a47', '10', '6324bd86-b530-11e3-9bfe-57cc6fb46352', 1, 'i', 'db:postgres', '2014-03-27 11:48:37.391');
INSERT INTO appuser_appgroup (appuser_id, appgroup_id, rowidentifier, rowversion, change_action, change_user, change_time) VALUES ('d56377ec-3445-11e2-8a38-874e23abe3a7', '60', '6324bd86-b530-11e3-8e83-237491a47233', 1, 'i', 'db:postgres', '2014-03-27 11:48:37.391');
INSERT INTO appuser_appgroup (appuser_id, appgroup_id, rowidentifier, rowversion, change_action, change_user, change_time) VALUES ('d56377ec-3445-11e2-9730-7f79d007c7d6', '70', '6324bd86-b530-11e3-830a-839482754a34', 1, 'i', 'db:postgres', '2014-03-27 11:48:37.391');
INSERT INTO appuser_appgroup (appuser_id, appgroup_id, rowidentifier, rowversion, change_action, change_user, change_time) VALUES ('BA42FC58-6636-4400-B41C-765773F805BC', '10', '6324bd86-b530-11e3-aabe-570a7b9eaa4b', 1, 'i', 'db:postgres', '2014-03-27 11:48:37.391');
INSERT INTO appuser_appgroup (appuser_id, appgroup_id, rowidentifier, rowversion, change_action, change_user, change_time) VALUES ('F1ECE0D4-773F-4598-858B-6F8A878E30AF', '60', '63271ef0-b530-11e3-8a4b-8361bc823364', 1, 'i', 'db:postgres', '2014-03-27 11:48:37.391');
INSERT INTO appuser_appgroup (appuser_id, appgroup_id, rowidentifier, rowversion, change_action, change_user, change_time) VALUES ('F1ECE0D4-773F-4598-858B-6F8A878E30AF', '70', '63271ef0-b530-11e3-a0de-a7e2093000d0', 1, 'i', 'db:postgres', '2014-03-27 11:48:37.391');
INSERT INTO appuser_appgroup (appuser_id, appgroup_id, rowidentifier, rowversion, change_action, change_user, change_time) VALUES ('F1ECE0D4-773F-4598-858B-6F8A878E30AF', '40', '63271ef0-b530-11e3-921b-7f5253b23c9b', 1, 'i', 'db:postgres', '2014-03-27 11:48:37.391');
INSERT INTO appuser_appgroup (appuser_id, appgroup_id, rowidentifier, rowversion, change_action, change_user, change_time) VALUES ('E4E6554E-C5B7-4C0B-A98E-8FBE82D3BD01', '70', '63271ef0-b530-11e3-9778-3bd3074a863c', 1, 'i', 'db:postgres', '2014-03-27 11:48:37.391');
INSERT INTO appuser_appgroup (appuser_id, appgroup_id, rowidentifier, rowversion, change_action, change_user, change_time) VALUES ('E4E6554E-C5B7-4C0B-A98E-8FBE82D3BD01', '40', '63271ef0-b530-11e3-80a2-cf6827c32731', 1, 'i', 'db:postgres', '2014-03-27 11:48:37.391');
INSERT INTO appuser_appgroup (appuser_id, appgroup_id, rowidentifier, rowversion, change_action, change_user, change_time) VALUES ('673ddd30-3435-11e2-a7a6-4f308915f2b6', '70', '63271ef0-b530-11e3-8fbe-832a1af48efb', 1, 'i', 'db:postgres', '2014-03-27 11:48:37.391');
INSERT INTO appuser_appgroup (appuser_id, appgroup_id, rowidentifier, rowversion, change_action, change_user, change_time) VALUES ('673ddd30-3435-11e2-a7a6-4f308915f2b6', '40', '63271ef0-b530-11e3-a5de-3fe2659102ea', 1, 'i', 'db:postgres', '2014-03-27 11:48:37.391');
INSERT INTO appuser_appgroup (appuser_id, appgroup_id, rowidentifier, rowversion, change_action, change_user, change_time) VALUES ('673e2b50-3435-11e2-92d4-d3e10f46f3bd', '70', '63271ef0-b530-11e3-aa14-3faf9540bcd3', 1, 'i', 'db:postgres', '2014-03-27 11:48:37.391');
INSERT INTO appuser_appgroup (appuser_id, appgroup_id, rowidentifier, rowversion, change_action, change_user, change_time) VALUES ('673eeeaa-3435-11e2-ba68-ff851a3828b9', '70', '63271ef0-b530-11e3-baf1-6f22dea41eb8', 1, 'i', 'db:postgres', '2014-03-27 11:48:37.391');
INSERT INTO appuser_appgroup (appuser_id, appgroup_id, rowidentifier, rowversion, change_action, change_user, change_time) VALUES ('673ea080-3435-11e2-9164-0b47aa9ede1b', '70', '63271ef0-b530-11e3-8eb5-6fc5a999a22c', 1, 'i', 'db:postgres', '2014-03-27 11:48:37.391');
INSERT INTO appuser_appgroup (appuser_id, appgroup_id, rowidentifier, rowversion, change_action, change_user, change_time) VALUES ('673ea080-3435-11e2-9164-0b47aa9ede1b', '40', '63271ef0-b530-11e3-9bc6-43eb3aadfcbe', 1, 'i', 'db:postgres', '2014-03-27 11:48:37.391');
INSERT INTO appuser_appgroup (appuser_id, appgroup_id, rowidentifier, rowversion, change_action, change_user, change_time) VALUES ('673f8aea-3435-11e2-afe7-5fb6601c2f75', '70', '63271ef0-b530-11e3-883f-5fd658e96e8c', 1, 'i', 'db:postgres', '2014-03-27 11:48:37.391');
INSERT INTO appuser_appgroup (appuser_id, appgroup_id, rowidentifier, rowversion, change_action, change_user, change_time) VALUES ('19B6C313-40B4-45BF-BC22-CA0D5572A249', '30', '63271ef0-b530-11e3-8e82-9b90521fb53f', 1, 'i', 'db:postgres', '2014-03-27 11:48:37.391');
INSERT INTO appuser_appgroup (appuser_id, appgroup_id, rowidentifier, rowversion, change_action, change_user, change_time) VALUES ('E0319B8C-E511-4702-B1B7-C723245824FB', '60', '63271ef0-b530-11e3-836c-5722b72376ee', 1, 'i', 'db:postgres', '2014-03-27 11:48:37.391');
INSERT INTO appuser_appgroup (appuser_id, appgroup_id, rowidentifier, rowversion, change_action, change_user, change_time) VALUES ('E0319B8C-E511-4702-B1B7-C723245824FB', '40', '63271ef0-b530-11e3-94ec-3b3f9ca87da3', 1, 'i', 'db:postgres', '2014-03-27 11:48:37.391');
INSERT INTO appuser_appgroup (appuser_id, appgroup_id, rowidentifier, rowversion, change_action, change_user, change_time) VALUES ('19B86E80-CDF9-4B23-802A-9DEA4D50FF05', '30', '63271ef0-b530-11e3-add7-a3accf64d39c', 1, 'i', 'db:postgres', '2014-03-27 11:48:37.391');
INSERT INTO appuser_appgroup (appuser_id, appgroup_id, rowidentifier, rowversion, change_action, change_user, change_time) VALUES ('32442559-2AC7-4618-8879-9238AC078626', '60', '63271ef0-b530-11e3-8a93-2b574034d1b0', 1, 'i', 'db:postgres', '2014-03-27 11:48:37.391');
INSERT INTO appuser_appgroup (appuser_id, appgroup_id, rowidentifier, rowversion, change_action, change_user, change_time) VALUES ('32442559-2AC7-4618-8879-9238AC078626', '40', '63271ef0-b530-11e3-bc40-0b2f0e099acc', 1, 'i', 'db:postgres', '2014-03-27 11:48:37.391');
INSERT INTO appuser_appgroup (appuser_id, appgroup_id, rowidentifier, rowversion, change_action, change_user, change_time) VALUES ('6CBF1597-4EE0-4A03-8061-2DAD87DA26C7', '30', '63271ef0-b530-11e3-8508-b7eed1e39050', 1, 'i', 'db:postgres', '2014-03-27 11:48:37.391');
INSERT INTO appuser_appgroup (appuser_id, appgroup_id, rowidentifier, rowversion, change_action, change_user, change_time) VALUES ('F8556B65-84E7-490F-B86F-73638B5B6230', '60', '63271ef0-b530-11e3-91f7-8bab82b1f7bc', 1, 'i', 'db:postgres', '2014-03-27 11:48:37.391');
INSERT INTO appuser_appgroup (appuser_id, appgroup_id, rowidentifier, rowversion, change_action, change_user, change_time) VALUES ('22F33D5E-7F84-490C-9751-0645BD5CF1AC', '30', '63271ef0-b530-11e3-be76-fb45e06a45a9', 1, 'i', 'db:postgres', '2014-03-27 11:48:37.391');
INSERT INTO appuser_appgroup (appuser_id, appgroup_id, rowidentifier, rowversion, change_action, change_user, change_time) VALUES ('A2439B88-3BFD-4B64-8F72-601C1FDF6C85', '60', '63271ef0-b530-11e3-a384-4b5e8e4d376e', 1, 'i', 'db:postgres', '2014-03-27 11:48:37.391');
INSERT INTO appuser_appgroup (appuser_id, appgroup_id, rowidentifier, rowversion, change_action, change_user, change_time) VALUES ('A2439B88-3BFD-4B64-8F72-601C1FDF6C85', '40', '63271ef0-b530-11e3-be7c-87074383ce76', 1, 'i', 'db:postgres', '2014-03-27 11:48:37.391');
INSERT INTO appuser_appgroup (appuser_id, appgroup_id, rowidentifier, rowversion, change_action, change_user, change_time) VALUES ('9E56EA06-3EAB-49A5-89E6-AB71F5C199AB', '60', '63271ef0-b530-11e3-8768-6b635db70802', 1, 'i', 'db:postgres', '2014-03-27 11:48:37.391');
INSERT INTO appuser_appgroup (appuser_id, appgroup_id, rowidentifier, rowversion, change_action, change_user, change_time) VALUES ('9E56EA06-3EAB-49A5-89E6-AB71F5C199AB', '40', '63271ef0-b530-11e3-aac7-a77673478fd6', 1, 'i', 'db:postgres', '2014-03-27 11:48:37.391');
INSERT INTO appuser_appgroup (appuser_id, appgroup_id, rowidentifier, rowversion, change_action, change_user, change_time) VALUES ('5F856781-FF88-43F6-9069-3529EFF2C4BC', '30', '63298050-b530-11e3-8c42-2b40c91bccb2', 1, 'i', 'db:postgres', '2014-03-27 11:48:37.391');
INSERT INTO appuser_appgroup (appuser_id, appgroup_id, rowidentifier, rowversion, change_action, change_user, change_time) VALUES ('6740754a-3435-11e2-b9f0-f3115a7a6e2e', '40', '63298050-b530-11e3-9ab4-9f1baa97e6c3', 1, 'i', 'db:postgres', '2014-03-27 11:48:37.391');
INSERT INTO appuser_appgroup (appuser_id, appgroup_id, rowidentifier, rowversion, change_action, change_user, change_time) VALUES ('6740754a-3435-11e2-b9f0-f3115a7a6e2e', '70', '63298050-b530-11e3-86f3-8f21e1c4d417', 1, 'i', 'db:postgres', '2014-03-27 11:48:37.391');
INSERT INTO appuser_appgroup (appuser_id, appgroup_id, rowidentifier, rowversion, change_action, change_user, change_time) VALUES ('7b87f030-3446-11e2-8a25-bf0bf85aedd9', '30', '63298050-b530-11e3-bbe3-bb54963102d6', 1, 'i', 'db:postgres', '2014-03-27 11:48:37.391');
INSERT INTO appuser_appgroup (appuser_id, appgroup_id, rowidentifier, rowversion, change_action, change_user, change_time) VALUES ('F4D22792-9842-413C-ACFF-B697F10E60F9', '60', '63298050-b530-11e3-a8c6-3ff0e2502fce', 1, 'i', 'db:postgres', '2014-03-27 11:48:37.391');
INSERT INTO appuser_appgroup (appuser_id, appgroup_id, rowidentifier, rowversion, change_action, change_user, change_time) VALUES ('673f3cca-3435-11e2-9287-7344fd9df7f7', '70', '63298050-b530-11e3-9687-f34015a4e8ec', 1, 'i', 'db:postgres', '2014-03-27 11:48:37.391');
INSERT INTO appuser_appgroup (appuser_id, appgroup_id, rowidentifier, rowversion, change_action, change_user, change_time) VALUES ('6b22b21b-1d97-4513-82fa-81d4e678fff3', '70', '63298050-b530-11e3-9c54-275d4c9c134b', 1, 'i', 'db:postgres', '2014-03-27 11:48:37.391');
INSERT INTO appuser_appgroup (appuser_id, appgroup_id, rowidentifier, rowversion, change_action, change_user, change_time) VALUES ('F8556B65-84E7-490F-B86F-73638B5B6230', '40', '63298050-b530-11e3-ac87-471f853868d1', 1, 'i', 'db:postgres', '2014-03-27 11:48:37.391');
INSERT INTO appuser_appgroup (appuser_id, appgroup_id, rowidentifier, rowversion, change_action, change_user, change_time) VALUES ('f028e32a-6c78-495e-8f5b-93a8acf1b90c', '10', '63298050-b530-11e3-88d1-9b6ee4c3c972', 1, 'i', 'db:postgres', '2014-03-27 11:48:37.391');
INSERT INTO appuser_appgroup (appuser_id, appgroup_id, rowidentifier, rowversion, change_action, change_user, change_time) VALUES ('35f52bc7-4d82-4986-a9bf-46ca85392202', '10', '63298050-b530-11e3-a48d-e7f77ec149e3', 1, 'i', 'db:postgres', '2014-03-27 11:48:37.391');
INSERT INTO appuser_appgroup (appuser_id, appgroup_id, rowidentifier, rowversion, change_action, change_user, change_time) VALUES ('9f88cb8a-ff49-4dc5-a7a5-a1be0e8bc908', '10', '63298050-b530-11e3-9a17-4fbecb043201', 1, 'i', 'db:postgres', '2014-03-27 11:48:37.391');
INSERT INTO appuser_appgroup (appuser_id, appgroup_id, rowidentifier, rowversion, change_action, change_user, change_time) VALUES ('ff0c8809-a4ca-46ae-aa22-6be3f7d4c2c9', '10', '63298050-b530-11e3-9845-abbcc0c86e2f', 1, 'i', 'db:postgres', '2014-03-27 11:48:37.391');
INSERT INTO appuser_appgroup (appuser_id, appgroup_id, rowidentifier, rowversion, change_action, change_user, change_time) VALUES ('6740272a-3435-11e2-9c29-2f60b79da144', '80', '63298050-b530-11e3-8ec7-db29df6c424e', 1, 'i', 'db:postgres', '2014-03-27 11:48:37.391');
INSERT INTO appuser_appgroup (appuser_id, appgroup_id, rowidentifier, rowversion, change_action, change_user, change_time) VALUES ('673fd90a-3435-11e2-8f0b-bffcc5e5c194', '80', '63298050-b530-11e3-882b-13ab32ccec61', 1, 'i', 'db:postgres', '2014-03-27 11:48:37.391');
INSERT INTO appuser_appgroup (appuser_id, appgroup_id, rowidentifier, rowversion, change_action, change_user, change_time) VALUES ('673fd90a-3435-11e2-8f0b-bffcc5e5c194', '20', '63298050-b530-11e3-8ede-ffa35ad1ecca', 1, 'i', 'db:postgres', '2014-03-27 11:48:37.391');
INSERT INTO appuser_appgroup (appuser_id, appgroup_id, rowidentifier, rowversion, change_action, change_user, change_time) VALUES ('673e2b50-3435-11e2-92d4-d3e10f46f3bd', '40', '63298050-b530-11e3-ac03-cfde6f9dfc1f', 1, 'i', 'db:postgres', '2014-03-27 11:48:37.391');
INSERT INTO appuser_appgroup (appuser_id, appgroup_id, rowidentifier, rowversion, change_action, change_user, change_time) VALUES ('test-id', 'cbca8c4f-635c-4144-91af-726cba414f5f', '63298050-b530-11e3-940d-bf9a4005c836', 1, 'i', 'db:postgres', '2014-03-27 11:48:37.391');
INSERT INTO appuser_appgroup (appuser_id, appgroup_id, rowidentifier, rowversion, change_action, change_user, change_time) VALUES ('1d3e9151-5992-4970-8d0d-172370029afb', 'cbca8c4f-635c-4144-91af-726cba414f5f', '63298050-b530-11e3-bde9-974fa54df6c3', 1, 'i', 'db:postgres', '2014-03-27 11:48:37.391');
INSERT INTO appuser_appgroup (appuser_id, appgroup_id, rowidentifier, rowversion, change_action, change_user, change_time) VALUES ('a1537fe7-b743-4405-8043-83bb81f8a79f', '70', '63298050-b530-11e3-ad3b-1f10e059a70e', 1, 'i', 'db:postgres', '2014-03-27 11:48:37.391');
INSERT INTO appuser_appgroup (appuser_id, appgroup_id, rowidentifier, rowversion, change_action, change_user, change_time) VALUES ('04b8f5db-32eb-4251-9bea-51dddc09e8dc', '70', '63298050-b530-11e3-8df4-af5579e1b932', 1, 'i', 'db:postgres', '2014-03-27 11:48:37.391');
INSERT INTO appuser_appgroup (appuser_id, appgroup_id, rowidentifier, rowversion, change_action, change_user, change_time) VALUES ('6740272a-3435-11e2-9c29-2f60b79da144', '20', '63298050-b530-11e3-928c-9b002b780df1', 1, 'i', 'db:postgres', '2014-03-27 11:48:37.391');
INSERT INTO appuser_appgroup (appuser_id, appgroup_id, rowidentifier, rowversion, change_action, change_user, change_time) VALUES ('673cf2d0-3435-11e2-8d79-9bbadfb66eb4', '10', '63298050-b530-11e3-ba71-8fe85f1416a4', 1, 'i', 'db:postgres', '2014-03-27 11:48:37.391');
INSERT INTO appuser_appgroup (appuser_id, appgroup_id, rowidentifier, rowversion, change_action, change_user, change_time) VALUES ('a6f6a72e-1d19-43d0-a87b-421915067cd3', '70', 'ac4869de-ca68-11e3-ab17-8792280a8c99', 1, 'i', 'db:postgres', '2014-04-23 10:54:26.63');
INSERT INTO appuser_appgroup (appuser_id, appgroup_id, rowidentifier, rowversion, change_action, change_user, change_time) VALUES ('46f8e336-e993-40ab-a7a1-a3e674abf741', '30', 'e6932554-a4db-11e4-859c-3f349afa8823', 1, 'i', 'db:postgres', '2015-01-26 11:48:30.006');
INSERT INTO appuser_appgroup (appuser_id, appgroup_id, rowidentifier, rowversion, change_action, change_user, change_time) VALUES ('673eeeaa-3435-11e2-ba68-ff851a3828b9', '40', '46a34734-fd11-11e4-9ff1-db55f6793ae0', 1, 'i', 'db:postgres', '2015-05-18 16:52:16.839');
INSERT INTO appuser_appgroup (appuser_id, appgroup_id, rowidentifier, rowversion, change_action, change_user, change_time) VALUES ('f076cf78-a189-447f-85ce-b9533d690217', '5654ca9a-595d-4a25-9809-0899dcb93673', '53aa7c2e-4620-11e5-bef5-a701dbaa5f81', 1, 'i', 'db:postgres', '2015-08-19 16:13:56.077');
INSERT INTO appuser_appgroup (appuser_id, appgroup_id, rowidentifier, rowversion, change_action, change_user, change_time) VALUES ('C3B9742D-6D1D-49E6-B9FE-EA510E0C1A93', '5654ca9a-595d-4a25-9809-0899dcb93673', '5c01b112-4620-11e5-a0f1-67baecbde58c', 1, 'i', 'db:postgres', '2015-08-19 16:14:10.055');
INSERT INTO appuser_appgroup (appuser_id, appgroup_id, rowidentifier, rowversion, change_action, change_user, change_time) VALUES ('f076cf78-a189-447f-85ce-b9533d690217', '84ef445a-6a23-49f1-907f-94497adfa0c4', '11f58320-46b4-11e5-88ae-2bdc030bab79', 1, 'i', 'db:postgres', '2015-08-20 09:51:31.34');
INSERT INTO appuser_appgroup (appuser_id, appgroup_id, rowidentifier, rowversion, change_action, change_user, change_time) VALUES ('C3B9742D-6D1D-49E6-B9FE-EA510E0C1A93', '84ef445a-6a23-49f1-907f-94497adfa0c4', '192a225e-46b4-11e5-ad74-2f5fe434f527', 1, 'i', 'db:postgres', '2015-08-20 09:51:43.429');
INSERT INTO appuser_appgroup (appuser_id, appgroup_id, rowidentifier, rowversion, change_action, change_user, change_time) VALUES ('673cf2d0-3435-11e2-8d79-9bbadfb66eb4', '40', 'f2304f2a-b6cc-11e3-b69c-431a0878eded', 1, 'i', 'db:postgres', '2014-03-29 12:01:50.406');
INSERT INTO appuser_appgroup (appuser_id, appgroup_id, rowidentifier, rowversion, change_action, change_user, change_time) VALUES ('673cf2d0-3435-11e2-8d79-9bbadfb66eb4', '50', '0a09b334-b6cd-11e3-84db-63f3570a2c11', 1, 'i', 'db:postgres', '2014-03-29 12:02:30.418');
INSERT INTO appuser_appgroup (appuser_id, appgroup_id, rowidentifier, rowversion, change_action, change_user, change_time) VALUES ('673cf2d0-3435-11e2-8d79-9bbadfb66eb4', '60', '0cc5a920-b6cd-11e3-b4f3-df4cad983fce', 1, 'i', 'db:postgres', '2014-03-29 12:02:35.006');
INSERT INTO appuser_appgroup (appuser_id, appgroup_id, rowidentifier, rowversion, change_action, change_user, change_time) VALUES ('673cf2d0-3435-11e2-8d79-9bbadfb66eb4', '70', '0ffff8ac-b6cd-11e3-8bfc-e7f7082cd144', 1, 'i', 'db:postgres', '2014-03-29 12:02:40.423');
INSERT INTO appuser_appgroup (appuser_id, appgroup_id, rowidentifier, rowversion, change_action, change_user, change_time) VALUES ('673cf2d0-3435-11e2-8d79-9bbadfb66eb4', '80', '138d998e-b6cd-11e3-afb4-1ffd925cf2ac', 1, 'i', 'db:postgres', '2014-03-29 12:02:46.384');

ALTER TABLE appuser_appgroup ENABLE TRIGGER ALL;

-- Completed on 2015-09-01 19:20:23

--
-- PostgreSQL database dump complete
--

