--
-- PostgreSQL database dump
--

SET statement_timeout = 0;
SET client_encoding = 'UTF8';
SET standard_conforming_strings = on;
SET check_function_bodies = false;
SET client_min_messages = warning;

SET search_path = system, pg_catalog;

--
-- Data for Name: appgroup; Type: TABLE DATA; Schema: system; Owner: postgres
--

SET SESSION AUTHORIZATION DEFAULT;

ALTER TABLE appgroup DISABLE TRIGGER ALL;

INSERT INTO appgroup (id, name, description) VALUES ('10', 'Administrator', 'MNRE IT Services Unit. Users assigned this role have the ability to configure and administer the SOLA application. E.g. Add users, configure roles, update system codes, edit business rules etc.');
INSERT INTO appgroup (id, name, description) VALUES ('20', 'Search and View Property Information', 'Allows users to search and view property information. All Land Registry and QA staff have this role by default. Other staff (Technical, Accounts, etc) can be assigned this role as required.');
INSERT INTO appgroup (id, name, description) VALUES ('30', 'Search and View Only', 'Allows users to search and view application and document details as well as the Map. Printing documents, map or application details is not permitted');
INSERT INTO appgroup (id, name, description) VALUES ('40', 'Team Leader', 'Team Leaders (and ACEOs) can approve applications, re-assign applications to other staff and generate lodgement reports. This role should be combined with the appropriate staff role (e.g. Land Registry or Quality Assurance so that the team leader has access suitable for thier section.');
INSERT INTO appgroup (id, name, description) VALUES ('50', 'Accounts', 'The Accounts staff of the Accounting Division have access to set the fee payment details for lodged applications. ');
INSERT INTO appgroup (id, name, description) VALUES ('60', 'Land Registry', 'The Land Registry staff of the Land Management Division. Users assigned this role can lodge and edit land registry applications as well as generate folio certificates.');
INSERT INTO appgroup (id, name, description) VALUES ('70', 'Quality Assurance', 'The Quality Assurance Staff of the Technical Division. Users assigned this role can lodge and edit applications to process survey plans as well as view property information.  They cannot generate folio certificates.');
INSERT INTO appgroup (id, name, description) VALUES ('80', 'Technical Division', 'The Technical Division can search and view application and document details as well as  view, print and export features from the Map');
INSERT INTO appgroup (id, name, description) VALUES ('5654ca9a-595d-4a25-9809-0899dcb93673', 'Public Counter', 'Allows public counter staff to search for property and document and application information, print folio certificates and print the map and documents');
INSERT INTO appgroup (id, name, description) VALUES ('cbca8c4f-635c-4144-91af-726cba414f5f', 'View Map Only', 'Allows users to view  the Map only ');


ALTER TABLE appgroup ENABLE TRIGGER ALL;

--
-- Data for Name: approle_appgroup; Type: TABLE DATA; Schema: system; Owner: postgres
--

ALTER TABLE approle_appgroup DISABLE TRIGGER ALL;

INSERT INTO approle_appgroup (approle_code, appgroup_id, rowidentifier, rowversion, change_action, change_user, change_time) VALUES ('ManageBR', '10', '6305cb56-b530-11e3-b8dc-13b9eb98f20d', 1, 'i', 'db:postgres', '2014-03-27 11:48:37.391');
INSERT INTO approle_appgroup (approle_code, appgroup_id, rowidentifier, rowversion, change_action, change_user, change_time) VALUES ('ManageRefdata', '10', '630a8e20-b530-11e3-be01-c30cb7470503', 1, 'i', 'db:postgres', '2014-03-27 11:48:37.391');
INSERT INTO approle_appgroup (approle_code, appgroup_id, rowidentifier, rowversion, change_action, change_user, change_time) VALUES ('ManageSettings', '10', '630a8e20-b530-11e3-974d-4f3874f2c3c1', 1, 'i', 'db:postgres', '2014-03-27 11:48:37.391');
INSERT INTO approle_appgroup (approle_code, appgroup_id, rowidentifier, rowversion, change_action, change_user, change_time) VALUES ('ManageSecurity', '10', '630a8e20-b530-11e3-828c-fbfb5a0d1629', 1, 'i', 'db:postgres', '2014-03-27 11:48:37.391');
INSERT INTO approle_appgroup (approle_code, appgroup_id, rowidentifier, rowversion, change_action, change_user, change_time) VALUES ('ApplnView', '10', '630a8e20-b530-11e3-9bc8-8b5d773608a8', 1, 'i', 'db:postgres', '2014-03-27 11:48:37.391');
INSERT INTO approle_appgroup (approle_code, appgroup_id, rowidentifier, rowversion, change_action, change_user, change_time) VALUES ('BaunitSearch', '10', '630a8e20-b530-11e3-a602-e77a83e559f3', 1, 'i', 'db:postgres', '2014-03-27 11:48:37.391');
INSERT INTO approle_appgroup (approle_code, appgroup_id, rowidentifier, rowversion, change_action, change_user, change_time) VALUES ('SourceSearch', '10', '630a8e20-b530-11e3-b742-9fe811186e5b', 1, 'i', 'db:postgres', '2014-03-27 11:48:37.391');
INSERT INTO approle_appgroup (approle_code, appgroup_id, rowidentifier, rowversion, change_action, change_user, change_time) VALUES ('ViewMap', '10', '630a8e20-b530-11e3-bf15-675fe520ebd9', 1, 'i', 'db:postgres', '2014-03-27 11:48:37.391');
INSERT INTO approle_appgroup (approle_code, appgroup_id, rowidentifier, rowversion, change_action, change_user, change_time) VALUES ('ReportGenerate', '10', '630a8e20-b530-11e3-9201-431bc12a882a', 1, 'i', 'db:postgres', '2014-03-27 11:48:37.391');
INSERT INTO approle_appgroup (approle_code, appgroup_id, rowidentifier, rowversion, change_action, change_user, change_time) VALUES ('ViewSource', '10', '630a8e20-b530-11e3-bef2-739f74683b24', 1, 'i', 'db:postgres', '2014-03-27 11:48:37.391');
INSERT INTO approle_appgroup (approle_code, appgroup_id, rowidentifier, rowversion, change_action, change_user, change_time) VALUES ('ManageUserPassword', '10', '630a8e20-b530-11e3-bb03-8b46430a1402', 1, 'i', 'db:postgres', '2014-03-27 11:48:37.391');
INSERT INTO approle_appgroup (approle_code, appgroup_id, rowidentifier, rowversion, change_action, change_user, change_time) VALUES ('PartySearch', '10', '630a8e20-b530-11e3-abba-0b878a5a10cb', 1, 'i', 'db:postgres', '2014-03-27 11:48:37.391');
INSERT INTO approle_appgroup (approle_code, appgroup_id, rowidentifier, rowversion, change_action, change_user, change_time) VALUES ('PartySave', '10', '630a8e20-b530-11e3-8827-5f5c570ce54e', 1, 'i', 'db:postgres', '2014-03-27 11:48:37.391');
INSERT INTO approle_appgroup (approle_code, appgroup_id, rowidentifier, rowversion, change_action, change_user, change_time) VALUES ('BaunitSearch', '20', '630a8e20-b530-11e3-956a-830798092228', 1, 'i', 'db:postgres', '2014-03-27 11:48:37.391');
INSERT INTO approle_appgroup (approle_code, appgroup_id, rowidentifier, rowversion, change_action, change_user, change_time) VALUES ('ManageUserPassword', '20', '630a8e20-b530-11e3-b1bc-5340dfc33e4d', 1, 'i', 'db:postgres', '2014-03-27 11:48:37.391');
INSERT INTO approle_appgroup (approle_code, appgroup_id, rowidentifier, rowversion, change_action, change_user, change_time) VALUES ('ViewSource', '20', '630a8e20-b530-11e3-822e-b7cd60defa77', 1, 'i', 'db:postgres', '2014-03-27 11:48:37.391');
INSERT INTO approle_appgroup (approle_code, appgroup_id, rowidentifier, rowversion, change_action, change_user, change_time) VALUES ('ApplnView', '30', '630a8e20-b530-11e3-8e5a-53681a55edba', 1, 'i', 'db:postgres', '2014-03-27 11:48:37.391');
INSERT INTO approle_appgroup (approle_code, appgroup_id, rowidentifier, rowversion, change_action, change_user, change_time) VALUES ('SourceSearch', '30', '630a8e20-b530-11e3-9296-6bfdb18c330a', 1, 'i', 'db:postgres', '2014-03-27 11:48:37.391');
INSERT INTO approle_appgroup (approle_code, appgroup_id, rowidentifier, rowversion, change_action, change_user, change_time) VALUES ('ViewMap', '30', '630a8e20-b530-11e3-9b3c-afa1fbc8ba19', 1, 'i', 'db:postgres', '2014-03-27 11:48:37.391');
INSERT INTO approle_appgroup (approle_code, appgroup_id, rowidentifier, rowversion, change_action, change_user, change_time) VALUES ('ManageUserPassword', '30', '630a8e20-b530-11e3-98d4-4b4d6a1360e9', 1, 'i', 'db:postgres', '2014-03-27 11:48:37.391');
INSERT INTO approle_appgroup (approle_code, appgroup_id, rowidentifier, rowversion, change_action, change_user, change_time) VALUES ('ViewSource', '30', '630a8e20-b530-11e3-ac22-7bb13420d880', 1, 'i', 'db:postgres', '2014-03-27 11:48:37.391');
INSERT INTO approle_appgroup (approle_code, appgroup_id, rowidentifier, rowversion, change_action, change_user, change_time) VALUES ('ReportGenerate', '40', '630a8e20-b530-11e3-b86d-7bc111b6b69b', 1, 'i', 'db:postgres', '2014-03-27 11:48:37.391');
INSERT INTO approle_appgroup (approle_code, appgroup_id, rowidentifier, rowversion, change_action, change_user, change_time) VALUES ('ApplnAssignOthers', '40', '630a8e20-b530-11e3-a968-c75f32303e32', 1, 'i', 'db:postgres', '2014-03-27 11:48:37.391');
INSERT INTO approle_appgroup (approle_code, appgroup_id, rowidentifier, rowversion, change_action, change_user, change_time) VALUES ('ApplnUnassignOthers', '40', '630cef8a-b530-11e3-8980-0f4d6327d913', 1, 'i', 'db:postgres', '2014-03-27 11:48:37.391');
INSERT INTO approle_appgroup (approle_code, appgroup_id, rowidentifier, rowversion, change_action, change_user, change_time) VALUES ('FeePayment', '40', '630cef8a-b530-11e3-896a-576a49982244', 1, 'i', 'db:postgres', '2014-03-27 11:48:37.391');
INSERT INTO approle_appgroup (approle_code, appgroup_id, rowidentifier, rowversion, change_action, change_user, change_time) VALUES ('ApplnCompleteDate', '40', '630cef8a-b530-11e3-8e89-8f54de65c5fd', 1, 'i', 'db:postgres', '2014-03-27 11:48:37.391');
INSERT INTO approle_appgroup (approle_code, appgroup_id, rowidentifier, rowversion, change_action, change_user, change_time) VALUES ('ApplnNr', '40', '630cef8a-b530-11e3-a5b7-3b4ad4bf69af', 1, 'i', 'db:postgres', '2014-03-27 11:48:37.391');
INSERT INTO approle_appgroup (approle_code, appgroup_id, rowidentifier, rowversion, change_action, change_user, change_time) VALUES ('ManageUserPassword', '40', '630cef8a-b530-11e3-bf23-6bae8a8872ec', 1, 'i', 'db:postgres', '2014-03-27 11:48:37.391');
INSERT INTO approle_appgroup (approle_code, appgroup_id, rowidentifier, rowversion, change_action, change_user, change_time) VALUES ('ViewSource', '40', '630cef8a-b530-11e3-bd56-7b75622d0f31', 1, 'i', 'db:postgres', '2014-03-27 11:48:37.391');
INSERT INTO approle_appgroup (approle_code, appgroup_id, rowidentifier, rowversion, change_action, change_user, change_time) VALUES ('PartySearch', '40', '630cef8a-b530-11e3-a079-cfe616ba901c', 1, 'i', 'db:postgres', '2014-03-27 11:48:37.391');
INSERT INTO approle_appgroup (approle_code, appgroup_id, rowidentifier, rowversion, change_action, change_user, change_time) VALUES ('ApplnApprove', '40', '630cef8a-b530-11e3-b19a-cf78f34900dd', 1, 'i', 'db:postgres', '2014-03-27 11:48:37.391');
INSERT INTO approle_appgroup (approle_code, appgroup_id, rowidentifier, rowversion, change_action, change_user, change_time) VALUES ('ApplnReject', '40', '630cef8a-b530-11e3-a301-c7af234ea503', 1, 'i', 'db:postgres', '2014-03-27 11:48:37.391');
INSERT INTO approle_appgroup (approle_code, appgroup_id, rowidentifier, rowversion, change_action, change_user, change_time) VALUES ('ApplnWithdraw', '40', '630cef8a-b530-11e3-b183-2f859428c16c', 1, 'i', 'db:postgres', '2014-03-27 11:48:37.391');
INSERT INTO approle_appgroup (approle_code, appgroup_id, rowidentifier, rowversion, change_action, change_user, change_time) VALUES ('ApplnEdit', '50', '630cef8a-b530-11e3-9feb-1fe1c64f3ad4', 1, 'i', 'db:postgres', '2014-03-27 11:48:37.391');
INSERT INTO approle_appgroup (approle_code, appgroup_id, rowidentifier, rowversion, change_action, change_user, change_time) VALUES ('ApplnView', '50', '630cef8a-b530-11e3-b0ac-677510f23422', 1, 'i', 'db:postgres', '2014-03-27 11:48:37.391');
INSERT INTO approle_appgroup (approle_code, appgroup_id, rowidentifier, rowversion, change_action, change_user, change_time) VALUES ('ApplnValidate', '50', '630cef8a-b530-11e3-a7f3-13baceb251a1', 1, 'i', 'db:postgres', '2014-03-27 11:48:37.391');
INSERT INTO approle_appgroup (approle_code, appgroup_id, rowidentifier, rowversion, change_action, change_user, change_time) VALUES ('DashbrdViewUnassign', '50', '630cef8a-b530-11e3-9dcd-233747acbd10', 1, 'i', 'db:postgres', '2014-03-27 11:48:37.391');
INSERT INTO approle_appgroup (approle_code, appgroup_id, rowidentifier, rowversion, change_action, change_user, change_time) VALUES ('SourceSave', '50', '630cef8a-b530-11e3-b507-4b722365aff9', 1, 'i', 'db:postgres', '2014-03-27 11:48:37.391');
INSERT INTO approle_appgroup (approle_code, appgroup_id, rowidentifier, rowversion, change_action, change_user, change_time) VALUES ('ManageUserPassword', '50', '630cef8a-b530-11e3-98fe-b394ea65a30e', 1, 'i', 'db:postgres', '2014-03-27 11:48:37.391');
INSERT INTO approle_appgroup (approle_code, appgroup_id, rowidentifier, rowversion, change_action, change_user, change_time) VALUES ('ViewSource', '50', '630cef8a-b530-11e3-87cf-e7599f59a2a9', 1, 'i', 'db:postgres', '2014-03-27 11:48:37.391');
INSERT INTO approle_appgroup (approle_code, appgroup_id, rowidentifier, rowversion, change_action, change_user, change_time) VALUES ('FeePayment', '50', '630cef8a-b530-11e3-89dc-dff8472498ec', 1, 'i', 'db:postgres', '2014-03-27 11:48:37.391');
INSERT INTO approle_appgroup (approle_code, appgroup_id, rowidentifier, rowversion, change_action, change_user, change_time) VALUES ('PartySave', '50', '630cef8a-b530-11e3-83c2-3b4d91bbfbf4', 1, 'i', 'db:postgres', '2014-03-27 11:48:37.391');
INSERT INTO approle_appgroup (approle_code, appgroup_id, rowidentifier, rowversion, change_action, change_user, change_time) VALUES ('ApplnEdit', '60', '630cef8a-b530-11e3-a3a9-07eff1af7ac6', 1, 'i', 'db:postgres', '2014-03-27 11:48:37.391');
INSERT INTO approle_appgroup (approle_code, appgroup_id, rowidentifier, rowversion, change_action, change_user, change_time) VALUES ('TransactionCommit', '60', '630cef8a-b530-11e3-aaeb-57c644de241c', 1, 'i', 'db:postgres', '2014-03-27 11:48:37.391');
INSERT INTO approle_appgroup (approle_code, appgroup_id, rowidentifier, rowversion, change_action, change_user, change_time) VALUES ('ApplnArchive', '60', '630cef8a-b530-11e3-867c-27b43ee15aee', 1, 'i', 'db:postgres', '2014-03-27 11:48:37.391');
INSERT INTO approle_appgroup (approle_code, appgroup_id, rowidentifier, rowversion, change_action, change_user, change_time) VALUES ('ArchiveApps', '60', '630cef8a-b530-11e3-9c26-9757511b7b28', 1, 'i', 'db:postgres', '2014-03-27 11:48:37.391');
INSERT INTO approle_appgroup (approle_code, appgroup_id, rowidentifier, rowversion, change_action, change_user, change_time) VALUES ('ApplnAssignSelf', '60', '630cef8a-b530-11e3-97c2-1b065ad30cda', 1, 'i', 'db:postgres', '2014-03-27 11:48:37.391');
INSERT INTO approle_appgroup (approle_code, appgroup_id, rowidentifier, rowversion, change_action, change_user, change_time) VALUES ('CancelService', '60', '630cef8a-b530-11e3-a1f8-3367a78db99f', 1, 'i', 'db:postgres', '2014-03-27 11:48:37.391');
INSERT INTO approle_appgroup (approle_code, appgroup_id, rowidentifier, rowversion, change_action, change_user, change_time) VALUES ('CompleteService', '60', '630f50f4-b530-11e3-aed1-77c1cfab49a0', 1, 'i', 'db:postgres', '2014-03-27 11:48:37.391');
INSERT INTO approle_appgroup (approle_code, appgroup_id, rowidentifier, rowversion, change_action, change_user, change_time) VALUES ('ApplnDispatch', '60', '630f50f4-b530-11e3-993a-f39c43ff70d6', 1, 'i', 'db:postgres', '2014-03-27 11:48:37.391');
INSERT INTO approle_appgroup (approle_code, appgroup_id, rowidentifier, rowversion, change_action, change_user, change_time) VALUES ('ApplnStatus', '60', '630f50f4-b530-11e3-97c2-5f9bc3c6452f', 1, 'i', 'db:postgres', '2014-03-27 11:48:37.391');
INSERT INTO approle_appgroup (approle_code, appgroup_id, rowidentifier, rowversion, change_action, change_user, change_time) VALUES ('ApplnCreate', '60', '630f50f4-b530-11e3-a04c-3378ea81ae45', 1, 'i', 'db:postgres', '2014-03-27 11:48:37.391');
INSERT INTO approle_appgroup (approle_code, appgroup_id, rowidentifier, rowversion, change_action, change_user, change_time) VALUES ('PrintMap', '60', '630f50f4-b530-11e3-833c-83e461ffc0d3', 1, 'i', 'db:postgres', '2014-03-27 11:48:37.391');
INSERT INTO approle_appgroup (approle_code, appgroup_id, rowidentifier, rowversion, change_action, change_user, change_time) VALUES ('SourcePrint', '60', '630f50f4-b530-11e3-b125-2b1e5f8e3d46', 1, 'i', 'db:postgres', '2014-03-27 11:48:37.391');
INSERT INTO approle_appgroup (approle_code, appgroup_id, rowidentifier, rowversion, change_action, change_user, change_time) VALUES ('ApplnRequisition', '60', '630f50f4-b530-11e3-9301-33697569b91a', 1, 'i', 'db:postgres', '2014-03-27 11:48:37.391');
INSERT INTO approle_appgroup (approle_code, appgroup_id, rowidentifier, rowversion, change_action, change_user, change_time) VALUES ('ApplnResubmit', '60', '630f50f4-b530-11e3-a48d-5b4037eeb3a3', 1, 'i', 'db:postgres', '2014-03-27 11:48:37.391');
INSERT INTO approle_appgroup (approle_code, appgroup_id, rowidentifier, rowversion, change_action, change_user, change_time) VALUES ('ApplnView', '60', '630f50f4-b530-11e3-b141-03a14ce0dbe2', 1, 'i', 'db:postgres', '2014-03-27 11:48:37.391');
INSERT INTO approle_appgroup (approle_code, appgroup_id, rowidentifier, rowversion, change_action, change_user, change_time) VALUES ('SourceSearch', '60', '630f50f4-b530-11e3-b2be-333fbf06ca33', 1, 'i', 'db:postgres', '2014-03-27 11:48:37.391');
INSERT INTO approle_appgroup (approle_code, appgroup_id, rowidentifier, rowversion, change_action, change_user, change_time) VALUES ('ApplnValidate', '60', '630f50f4-b530-11e3-9cd2-4bdfd671c834', 1, 'i', 'db:postgres', '2014-03-27 11:48:37.391');
INSERT INTO approle_appgroup (approle_code, appgroup_id, rowidentifier, rowversion, change_action, change_user, change_time) VALUES ('DashbrdViewAssign', '60', '630f50f4-b530-11e3-9de5-af5a68f2bcd3', 1, 'i', 'db:postgres', '2014-03-27 11:48:37.391');
INSERT INTO approle_appgroup (approle_code, appgroup_id, rowidentifier, rowversion, change_action, change_user, change_time) VALUES ('ViewMap', '60', '630f50f4-b530-11e3-bb3e-fbc21e5bdc72', 1, 'i', 'db:postgres', '2014-03-27 11:48:37.391');
INSERT INTO approle_appgroup (approle_code, appgroup_id, rowidentifier, rowversion, change_action, change_user, change_time) VALUES ('DashbrdViewOwn', '60', '630f50f4-b530-11e3-9dd7-eb72417da8c8', 1, 'i', 'db:postgres', '2014-03-27 11:48:37.391');
INSERT INTO approle_appgroup (approle_code, appgroup_id, rowidentifier, rowversion, change_action, change_user, change_time) VALUES ('DashbrdViewUnassign', '60', '630f50f4-b530-11e3-bbb3-33fec1c79bd6', 1, 'i', 'db:postgres', '2014-03-27 11:48:37.391');
INSERT INTO approle_appgroup (approle_code, appgroup_id, rowidentifier, rowversion, change_action, change_user, change_time) VALUES ('StartService', '60', '630f50f4-b530-11e3-8073-070fe26c0645', 1, 'i', 'db:postgres', '2014-03-27 11:48:37.391');
INSERT INTO approle_appgroup (approle_code, appgroup_id, rowidentifier, rowversion, change_action, change_user, change_time) VALUES ('PartySave', '60', '630f50f4-b530-11e3-ac21-5b24b031a07d', 1, 'i', 'db:postgres', '2014-03-27 11:48:37.391');
INSERT INTO approle_appgroup (approle_code, appgroup_id, rowidentifier, rowversion, change_action, change_user, change_time) VALUES ('ApplnUnassignSelf', '60', '630f50f4-b530-11e3-90f7-676164919515', 1, 'i', 'db:postgres', '2014-03-27 11:48:37.391');
INSERT INTO approle_appgroup (approle_code, appgroup_id, rowidentifier, rowversion, change_action, change_user, change_time) VALUES ('BaunitCertificate', '60', '630f50f4-b530-11e3-a16d-1387e5ff14f5', 1, 'i', 'db:postgres', '2014-03-27 11:48:37.391');
INSERT INTO approle_appgroup (approle_code, appgroup_id, rowidentifier, rowversion, change_action, change_user, change_time) VALUES ('BaunitNotatSave', '60', '630f50f4-b530-11e3-a417-2fe96b0edafd', 1, 'i', 'db:postgres', '2014-03-27 11:48:37.391');
INSERT INTO approle_appgroup (approle_code, appgroup_id, rowidentifier, rowversion, change_action, change_user, change_time) VALUES ('BaunitParcelSave', '60', '630f50f4-b530-11e3-8347-c39170d20383', 1, 'i', 'db:postgres', '2014-03-27 11:48:37.391');
INSERT INTO approle_appgroup (approle_code, appgroup_id, rowidentifier, rowversion, change_action, change_user, change_time) VALUES ('BaunitSave', '60', '630f50f4-b530-11e3-98a1-d3bb42008e8c', 1, 'i', 'db:postgres', '2014-03-27 11:48:37.391');
INSERT INTO approle_appgroup (approle_code, appgroup_id, rowidentifier, rowversion, change_action, change_user, change_time) VALUES ('BaunitSearch', '60', '630f50f4-b530-11e3-ab60-1b001e2a164d', 1, 'i', 'db:postgres', '2014-03-27 11:48:37.391');
INSERT INTO approle_appgroup (approle_code, appgroup_id, rowidentifier, rowversion, change_action, change_user, change_time) VALUES ('BauunitrrrSave', '60', '630f50f4-b530-11e3-aafd-2bd1e469df94', 1, 'i', 'db:postgres', '2014-03-27 11:48:37.391');
INSERT INTO approle_appgroup (approle_code, appgroup_id, rowidentifier, rowversion, change_action, change_user, change_time) VALUES ('RevertService', '60', '630f50f4-b530-11e3-b4f4-5334659b161d', 1, 'i', 'db:postgres', '2014-03-27 11:48:37.391');
INSERT INTO approle_appgroup (approle_code, appgroup_id, rowidentifier, rowversion, change_action, change_user, change_time) VALUES ('SourceSave', '60', '630f50f4-b530-11e3-98d6-b3698dc21fab', 1, 'i', 'db:postgres', '2014-03-27 11:48:37.391');
INSERT INTO approle_appgroup (approle_code, appgroup_id, rowidentifier, rowversion, change_action, change_user, change_time) VALUES ('ParcelSave', '60', '630f50f4-b530-11e3-82ce-8f921ebc126d', 1, 'i', 'db:postgres', '2014-03-27 11:48:37.391');
INSERT INTO approle_appgroup (approle_code, appgroup_id, rowidentifier, rowversion, change_action, change_user, change_time) VALUES ('ManageUserPassword', '60', '630f50f4-b530-11e3-806e-8b48ca79cf59', 1, 'i', 'db:postgres', '2014-03-27 11:48:37.391');
INSERT INTO approle_appgroup (approle_code, appgroup_id, rowidentifier, rowversion, change_action, change_user, change_time) VALUES ('ViewSource', '60', '6311b254-b530-11e3-8472-03dc2528136c', 1, 'i', 'db:postgres', '2014-03-27 11:48:37.391');
INSERT INTO approle_appgroup (approle_code, appgroup_id, rowidentifier, rowversion, change_action, change_user, change_time) VALUES ('lifeEstate', '60', '6311b254-b530-11e3-87dc-d3e7916be959', 1, 'i', 'db:postgres', '2014-03-27 11:48:37.391');
INSERT INTO approle_appgroup (approle_code, appgroup_id, rowidentifier, rowversion, change_action, change_user, change_time) VALUES ('removeLifeEstate', '60', '6311b254-b530-11e3-9142-83c496201358', 1, 'i', 'db:postgres', '2014-03-27 11:48:37.391');
INSERT INTO approle_appgroup (approle_code, appgroup_id, rowidentifier, rowversion, change_action, change_user, change_time) VALUES ('newFreehold', '60', '6311b254-b530-11e3-9a3c-bfbee76aae43', 1, 'i', 'db:postgres', '2014-03-27 11:48:37.391');
INSERT INTO approle_appgroup (approle_code, appgroup_id, rowidentifier, rowversion, change_action, change_user, change_time) VALUES ('varyTitle', '60', '6311b254-b530-11e3-9f50-d3fd892d9cbc', 1, 'i', 'db:postgres', '2014-03-27 11:48:37.391');
INSERT INTO approle_appgroup (approle_code, appgroup_id, rowidentifier, rowversion, change_action, change_user, change_time) VALUES ('regnOnTitle', '60', '6311b254-b530-11e3-867f-ff82ea825141', 1, 'i', 'db:postgres', '2014-03-27 11:48:37.391');
INSERT INTO approle_appgroup (approle_code, appgroup_id, rowidentifier, rowversion, change_action, change_user, change_time) VALUES ('registerLease', '60', '6311b254-b530-11e3-b6ea-67f1d299a4a3', 1, 'i', 'db:postgres', '2014-03-27 11:48:37.391');
INSERT INTO approle_appgroup (approle_code, appgroup_id, rowidentifier, rowversion, change_action, change_user, change_time) VALUES ('newOwnership', '60', '6311b254-b530-11e3-92a4-638ed80d3892', 1, 'i', 'db:postgres', '2014-03-27 11:48:37.391');
INSERT INTO approle_appgroup (approle_code, appgroup_id, rowidentifier, rowversion, change_action, change_user, change_time) VALUES ('mortgage', '60', '6311b254-b530-11e3-91bf-47b6789205ec', 1, 'i', 'db:postgres', '2014-03-27 11:48:37.391');
INSERT INTO approle_appgroup (approle_code, appgroup_id, rowidentifier, rowversion, change_action, change_user, change_time) VALUES ('easement', '60', '6311b254-b530-11e3-a7b9-672b4622c082', 1, 'i', 'db:postgres', '2014-03-27 11:48:37.391');
INSERT INTO approle_appgroup (approle_code, appgroup_id, rowidentifier, rowversion, change_action, change_user, change_time) VALUES ('removeEasement', '60', '6311b254-b530-11e3-95b2-0ff6f8b6d05a', 1, 'i', 'db:postgres', '2014-03-27 11:48:37.391');
INSERT INTO approle_appgroup (approle_code, appgroup_id, rowidentifier, rowversion, change_action, change_user, change_time) VALUES ('caveat', '60', '6311b254-b530-11e3-962d-77d90aa4c743', 1, 'i', 'db:postgres', '2014-03-27 11:48:37.391');
INSERT INTO approle_appgroup (approle_code, appgroup_id, rowidentifier, rowversion, change_action, change_user, change_time) VALUES ('removeCaveat', '60', '6311b254-b530-11e3-8a9e-478dc129d6b1', 1, 'i', 'db:postgres', '2014-03-27 11:48:37.391');
INSERT INTO approle_appgroup (approle_code, appgroup_id, rowidentifier, rowversion, change_action, change_user, change_time) VALUES ('varyLease', '60', '6311b254-b530-11e3-bd67-9b9b4010a535', 1, 'i', 'db:postgres', '2014-03-27 11:48:37.391');
INSERT INTO approle_appgroup (approle_code, appgroup_id, rowidentifier, rowversion, change_action, change_user, change_time) VALUES ('removeRight', '60', '6311b254-b530-11e3-9324-cbaa6c3565e2', 1, 'i', 'db:postgres', '2014-03-27 11:48:37.391');
INSERT INTO approle_appgroup (approle_code, appgroup_id, rowidentifier, rowversion, change_action, change_user, change_time) VALUES ('newDigitalTitle', '60', '6311b254-b530-11e3-9c5f-93bea9b56d11', 1, 'i', 'db:postgres', '2014-03-27 11:48:37.391');
INSERT INTO approle_appgroup (approle_code, appgroup_id, rowidentifier, rowversion, change_action, change_user, change_time) VALUES ('removeRestriction', '60', '6311b254-b530-11e3-b68d-9fbc41f4d7ac', 1, 'i', 'db:postgres', '2014-03-27 11:48:37.391');
INSERT INTO approle_appgroup (approle_code, appgroup_id, rowidentifier, rowversion, change_action, change_user, change_time) VALUES ('variationMortgage', '60', '6311b254-b530-11e3-a515-eb00a8ee5490', 1, 'i', 'db:postgres', '2014-03-27 11:48:37.391');
INSERT INTO approle_appgroup (approle_code, appgroup_id, rowidentifier, rowversion, change_action, change_user, change_time) VALUES ('proclamation', '60', '6311b254-b530-11e3-b019-67d2aff746a7', 1, 'i', 'db:postgres', '2014-03-27 11:48:37.391');
INSERT INTO approle_appgroup (approle_code, appgroup_id, rowidentifier, rowversion, change_action, change_user, change_time) VALUES ('order', '60', '6311b254-b530-11e3-a0c3-bfa3a27a80cb', 1, 'i', 'db:postgres', '2014-03-27 11:48:37.391');
INSERT INTO approle_appgroup (approle_code, appgroup_id, rowidentifier, rowversion, change_action, change_user, change_time) VALUES ('subLease', '60', '6311b254-b530-11e3-a22b-bbc858eaeb51', 1, 'i', 'db:postgres', '2014-03-27 11:48:37.391');
INSERT INTO approle_appgroup (approle_code, appgroup_id, rowidentifier, rowversion, change_action, change_user, change_time) VALUES ('registrarCorrection', '60', '6311b254-b530-11e3-b4ce-13c6bdf03320', 1, 'i', 'db:postgres', '2014-03-27 11:48:37.391');
INSERT INTO approle_appgroup (approle_code, appgroup_id, rowidentifier, rowversion, change_action, change_user, change_time) VALUES ('registrarCancel', '60', '6311b254-b530-11e3-843c-bb165a51c2fd', 1, 'i', 'db:postgres', '2014-03-27 11:48:37.391');
INSERT INTO approle_appgroup (approle_code, appgroup_id, rowidentifier, rowversion, change_action, change_user, change_time) VALUES ('removeOrder', '60', '6311b254-b530-11e3-8c00-53df0a79aff4', 1, 'i', 'db:postgres', '2014-03-27 11:48:37.391');
INSERT INTO approle_appgroup (approle_code, appgroup_id, rowidentifier, rowversion, change_action, change_user, change_time) VALUES ('removeProclamation', '60', '6311b254-b530-11e3-8912-8fa11b2e20a7', 1, 'i', 'db:postgres', '2014-03-27 11:48:37.391');
INSERT INTO approle_appgroup (approle_code, appgroup_id, rowidentifier, rowversion, change_action, change_user, change_time) VALUES ('cancelProperty', '60', '6311b254-b530-11e3-8b51-bfca411275e1', 1, 'i', 'db:postgres', '2014-03-27 11:48:37.391');
INSERT INTO approle_appgroup (approle_code, appgroup_id, rowidentifier, rowversion, change_action, change_user, change_time) VALUES ('varyCaveat', '60', '6311b254-b530-11e3-9040-3f103d8d9ac3', 1, 'i', 'db:postgres', '2014-03-27 11:48:37.391');
INSERT INTO approle_appgroup (approle_code, appgroup_id, rowidentifier, rowversion, change_action, change_user, change_time) VALUES ('transmission', '60', '6311b254-b530-11e3-966c-93449cb31d94', 1, 'i', 'db:postgres', '2014-03-27 11:48:37.391');
INSERT INTO approle_appgroup (approle_code, appgroup_id, rowidentifier, rowversion, change_action, change_user, change_time) VALUES ('removeTransmission', '60', '6311b254-b530-11e3-8b1b-db79698aa463', 1, 'i', 'db:postgres', '2014-03-27 11:48:37.391');
INSERT INTO approle_appgroup (approle_code, appgroup_id, rowidentifier, rowversion, change_action, change_user, change_time) VALUES ('miscellaneous', '60', '631413be-b530-11e3-b739-cbf1da5bc18b', 1, 'i', 'db:postgres', '2014-03-27 11:48:37.391');
INSERT INTO approle_appgroup (approle_code, appgroup_id, rowidentifier, rowversion, change_action, change_user, change_time) VALUES ('cancelMisc', '60', '631413be-b530-11e3-9c03-1b21cb0dbceb', 1, 'i', 'db:postgres', '2014-03-27 11:48:37.391');
INSERT INTO approle_appgroup (approle_code, appgroup_id, rowidentifier, rowversion, change_action, change_user, change_time) VALUES ('regnStandardDocument', '60', '631413be-b530-11e3-a9b1-4f299066cfca', 1, 'i', 'db:postgres', '2014-03-27 11:48:37.391');
INSERT INTO approle_appgroup (approle_code, appgroup_id, rowidentifier, rowversion, change_action, change_user, change_time) VALUES ('regnPowerOfAttorney', '60', '631413be-b530-11e3-943a-df8e3afb7f47', 1, 'i', 'db:postgres', '2014-03-27 11:48:37.391');
INSERT INTO approle_appgroup (approle_code, appgroup_id, rowidentifier, rowversion, change_action, change_user, change_time) VALUES ('cnclPowerOfAttorney', '60', '631413be-b530-11e3-ad4e-1bdc0363accd', 1, 'i', 'db:postgres', '2014-03-27 11:48:37.391');
INSERT INTO approle_appgroup (approle_code, appgroup_id, rowidentifier, rowversion, change_action, change_user, change_time) VALUES ('cnclStandardDocument', '60', '631413be-b530-11e3-b842-8bf603e5c015', 1, 'i', 'db:postgres', '2014-03-27 11:48:37.391');
INSERT INTO approle_appgroup (approle_code, appgroup_id, rowidentifier, rowversion, change_action, change_user, change_time) VALUES ('certifiedCopy', '60', '631413be-b530-11e3-9543-7f8b42c93d85', 1, 'i', 'db:postgres', '2014-03-27 11:48:37.391');
INSERT INTO approle_appgroup (approle_code, appgroup_id, rowidentifier, rowversion, change_action, change_user, change_time) VALUES ('cadastrePrint', '60', '631413be-b530-11e3-9edb-2b59b60c455e', 1, 'i', 'db:postgres', '2014-03-27 11:48:37.391');
INSERT INTO approle_appgroup (approle_code, appgroup_id, rowidentifier, rowversion, change_action, change_user, change_time) VALUES ('cadastreExport', '60', '631413be-b530-11e3-9fd0-2fd074e85791', 1, 'i', 'db:postgres', '2014-03-27 11:48:37.391');
INSERT INTO approle_appgroup (approle_code, appgroup_id, rowidentifier, rowversion, change_action, change_user, change_time) VALUES ('cadastreBulk', '60', '631413be-b530-11e3-afb9-93e61c0e5370', 1, 'i', 'db:postgres', '2014-03-27 11:48:37.391');
INSERT INTO approle_appgroup (approle_code, appgroup_id, rowidentifier, rowversion, change_action, change_user, change_time) VALUES ('ApplnEdit', '70', '631413be-b530-11e3-9929-e77b6a77fa5a', 1, 'i', 'db:postgres', '2014-03-27 11:48:37.391');
INSERT INTO approle_appgroup (approle_code, appgroup_id, rowidentifier, rowversion, change_action, change_user, change_time) VALUES ('ApplnAssignSelf', '70', '631413be-b530-11e3-b612-efb79cc355f4', 1, 'i', 'db:postgres', '2014-03-27 11:48:37.391');
INSERT INTO approle_appgroup (approle_code, appgroup_id, rowidentifier, rowversion, change_action, change_user, change_time) VALUES ('ParcelSave', '70', '631413be-b530-11e3-bc0c-7fa84d434667', 1, 'i', 'db:postgres', '2014-03-27 11:48:37.391');
INSERT INTO approle_appgroup (approle_code, appgroup_id, rowidentifier, rowversion, change_action, change_user, change_time) VALUES ('PartySave', '70', '631413be-b530-11e3-a39c-cf4e43a0b82b', 1, 'i', 'db:postgres', '2014-03-27 11:48:37.391');
INSERT INTO approle_appgroup (approle_code, appgroup_id, rowidentifier, rowversion, change_action, change_user, change_time) VALUES ('SourceSave', '70', '631413be-b530-11e3-97fb-ff017dfc7960', 1, 'i', 'db:postgres', '2014-03-27 11:48:37.391');
INSERT INTO approle_appgroup (approle_code, appgroup_id, rowidentifier, rowversion, change_action, change_user, change_time) VALUES ('ApplnDispatch', '70', '631413be-b530-11e3-a8e2-bff864f8e5dc', 1, 'i', 'db:postgres', '2014-03-27 11:48:37.391');
INSERT INTO approle_appgroup (approle_code, appgroup_id, rowidentifier, rowversion, change_action, change_user, change_time) VALUES ('ApplnStatus', '70', '631413be-b530-11e3-9cdb-0b5905b8c41b', 1, 'i', 'db:postgres', '2014-03-27 11:48:37.391');
INSERT INTO approle_appgroup (approle_code, appgroup_id, rowidentifier, rowversion, change_action, change_user, change_time) VALUES ('PrintMap', '70', '631413be-b530-11e3-b583-4b5c6e02e8e8', 1, 'i', 'db:postgres', '2014-03-27 11:48:37.391');
INSERT INTO approle_appgroup (approle_code, appgroup_id, rowidentifier, rowversion, change_action, change_user, change_time) VALUES ('SourcePrint', '70', '631413be-b530-11e3-ab15-83f5c916a304', 1, 'i', 'db:postgres', '2014-03-27 11:48:37.391');
INSERT INTO approle_appgroup (approle_code, appgroup_id, rowidentifier, rowversion, change_action, change_user, change_time) VALUES ('ApplnView', '70', '631413be-b530-11e3-9fc5-3ff1a9cb1e65', 1, 'i', 'db:postgres', '2014-03-27 11:48:37.391');
INSERT INTO approle_appgroup (approle_code, appgroup_id, rowidentifier, rowversion, change_action, change_user, change_time) VALUES ('BaunitSearch', '70', '631413be-b530-11e3-8d7e-07b1afadfd4e', 1, 'i', 'db:postgres', '2014-03-27 11:48:37.391');
INSERT INTO approle_appgroup (approle_code, appgroup_id, rowidentifier, rowversion, change_action, change_user, change_time) VALUES ('SourceSearch', '70', '631413be-b530-11e3-a2f2-fb22937cdfea', 1, 'i', 'db:postgres', '2014-03-27 11:48:37.391');
INSERT INTO approle_appgroup (approle_code, appgroup_id, rowidentifier, rowversion, change_action, change_user, change_time) VALUES ('ApplnValidate', '70', '631413be-b530-11e3-a353-df4ba5b19f30', 1, 'i', 'db:postgres', '2014-03-27 11:48:37.391');
INSERT INTO approle_appgroup (approle_code, appgroup_id, rowidentifier, rowversion, change_action, change_user, change_time) VALUES ('DashbrdViewAssign', '70', '631413be-b530-11e3-9e91-cfab4f311921', 1, 'i', 'db:postgres', '2014-03-27 11:48:37.391');
INSERT INTO approle_appgroup (approle_code, appgroup_id, rowidentifier, rowversion, change_action, change_user, change_time) VALUES ('ViewMap', '70', '6316751e-b530-11e3-bdcb-e70972f73f3b', 1, 'i', 'db:postgres', '2014-03-27 11:48:37.391');
INSERT INTO approle_appgroup (approle_code, appgroup_id, rowidentifier, rowversion, change_action, change_user, change_time) VALUES ('DashbrdViewOwn', '70', '6316751e-b530-11e3-8e0c-47189f7508e8', 1, 'i', 'db:postgres', '2014-03-27 11:48:37.391');
INSERT INTO approle_appgroup (approle_code, appgroup_id, rowidentifier, rowversion, change_action, change_user, change_time) VALUES ('DashbrdViewUnassign', '70', '6316751e-b530-11e3-8041-77ec1fda3865', 1, 'i', 'db:postgres', '2014-03-27 11:48:37.391');
INSERT INTO approle_appgroup (approle_code, appgroup_id, rowidentifier, rowversion, change_action, change_user, change_time) VALUES ('ApplnUnassignSelf', '70', '6316751e-b530-11e3-af53-5747cd8b35f9', 1, 'i', 'db:postgres', '2014-03-27 11:48:37.391');
INSERT INTO approle_appgroup (approle_code, appgroup_id, rowidentifier, rowversion, change_action, change_user, change_time) VALUES ('ApplnNr', '70', '6316751e-b530-11e3-8a7b-eb60762d43ae', 1, 'i', 'db:postgres', '2014-03-27 11:48:37.391');
INSERT INTO approle_appgroup (approle_code, appgroup_id, rowidentifier, rowversion, change_action, change_user, change_time) VALUES ('ApplnCreate', '70', '6316751e-b530-11e3-9ca9-8f29e808e489', 1, 'i', 'db:postgres', '2014-03-27 11:48:37.391');
INSERT INTO approle_appgroup (approle_code, appgroup_id, rowidentifier, rowversion, change_action, change_user, change_time) VALUES ('ApplnArchive', '70', '6316751e-b530-11e3-863d-57025e631a10', 1, 'i', 'db:postgres', '2014-03-27 11:48:37.391');
INSERT INTO approle_appgroup (approle_code, appgroup_id, rowidentifier, rowversion, change_action, change_user, change_time) VALUES ('ApplnRequisition', '70', '6316751e-b530-11e3-8819-ab415e0b87dc', 1, 'i', 'db:postgres', '2014-03-27 11:48:37.391');
INSERT INTO approle_appgroup (approle_code, appgroup_id, rowidentifier, rowversion, change_action, change_user, change_time) VALUES ('ApplnResubmit', '70', '6316751e-b530-11e3-9387-9765f04320e7', 1, 'i', 'db:postgres', '2014-03-27 11:48:37.391');
INSERT INTO approle_appgroup (approle_code, appgroup_id, rowidentifier, rowversion, change_action, change_user, change_time) VALUES ('ArchiveApps', '70', '6316751e-b530-11e3-8d6c-df3bfcf44952', 1, 'i', 'db:postgres', '2014-03-27 11:48:37.391');
INSERT INTO approle_appgroup (approle_code, appgroup_id, rowidentifier, rowversion, change_action, change_user, change_time) VALUES ('RevertService', '70', '6316751e-b530-11e3-a601-57a9db58155f', 1, 'i', 'db:postgres', '2014-03-27 11:48:37.391');
INSERT INTO approle_appgroup (approle_code, appgroup_id, rowidentifier, rowversion, change_action, change_user, change_time) VALUES ('StartService', '70', '6316751e-b530-11e3-82df-fb65be42367d', 1, 'i', 'db:postgres', '2014-03-27 11:48:37.391');
INSERT INTO approle_appgroup (approle_code, appgroup_id, rowidentifier, rowversion, change_action, change_user, change_time) VALUES ('CancelService', '70', '6316751e-b530-11e3-ae31-770595749a2a', 1, 'i', 'db:postgres', '2014-03-27 11:48:37.391');
INSERT INTO approle_appgroup (approle_code, appgroup_id, rowidentifier, rowversion, change_action, change_user, change_time) VALUES ('TransactionCommit', '70', '6316751e-b530-11e3-8908-ebf6d1062f1f', 1, 'i', 'db:postgres', '2014-03-27 11:48:37.391');
INSERT INTO approle_appgroup (approle_code, appgroup_id, rowidentifier, rowversion, change_action, change_user, change_time) VALUES ('ManageUserPassword', '70', '6316751e-b530-11e3-a147-df900010681a', 1, 'i', 'db:postgres', '2014-03-27 11:48:37.391');
INSERT INTO approle_appgroup (approle_code, appgroup_id, rowidentifier, rowversion, change_action, change_user, change_time) VALUES ('ViewSource', '70', '6316751e-b530-11e3-9caa-7f72ab07ae4b', 1, 'i', 'db:postgres', '2014-03-27 11:48:37.391');
INSERT INTO approle_appgroup (approle_code, appgroup_id, rowidentifier, rowversion, change_action, change_user, change_time) VALUES ('CompleteService', '70', '6316751e-b530-11e3-9e22-f3edce4cdca1', 1, 'i', 'db:postgres', '2014-03-27 11:48:37.391');
INSERT INTO approle_appgroup (approle_code, appgroup_id, rowidentifier, rowversion, change_action, change_user, change_time) VALUES ('cadastreChange', '70', '6316751e-b530-11e3-916c-737ec7f8dd41', 1, 'i', 'db:postgres', '2014-03-27 11:48:37.391');
INSERT INTO approle_appgroup (approle_code, appgroup_id, rowidentifier, rowversion, change_action, change_user, change_time) VALUES ('redefineCadastre', '70', '6316751e-b530-11e3-b63c-4bca8cf552c4', 1, 'i', 'db:postgres', '2014-03-27 11:48:37.391');
INSERT INTO approle_appgroup (approle_code, appgroup_id, rowidentifier, rowversion, change_action, change_user, change_time) VALUES ('ApplnApprove', '60', '6316751e-b530-11e3-9e8c-e7798f737d10', 1, 'i', 'db:postgres', '2014-03-27 11:48:37.391');
INSERT INTO approle_appgroup (approle_code, appgroup_id, rowidentifier, rowversion, change_action, change_user, change_time) VALUES ('ApplnViewUnassignAll', '50', '6316751e-b530-11e3-b38d-bb0c8d6ff109', 1, 'i', 'db:postgres', '2014-03-27 11:48:37.391');
INSERT INTO approle_appgroup (approle_code, appgroup_id, rowidentifier, rowversion, change_action, change_user, change_time) VALUES ('cnclTransmissonAdmin', '60', '6316751e-b530-11e3-9557-27e49ba6d0bd', 1, 'i', 'db:postgres', '2014-03-27 11:48:37.391');
INSERT INTO approle_appgroup (approle_code, appgroup_id, rowidentifier, rowversion, change_action, change_user, change_time) VALUES ('cnclMortgagePOS', '60', '6316751e-b530-11e3-9e54-0fd0fa11e88b', 1, 'i', 'db:postgres', '2014-03-27 11:48:37.391');
INSERT INTO approle_appgroup (approle_code, appgroup_id, rowidentifier, rowversion, change_action, change_user, change_time) VALUES ('planNoCoords', '70', '6316751e-b530-11e3-bb18-2302ada7cfa3', 1, 'i', 'db:postgres', '2014-03-27 11:48:37.391');
INSERT INTO approle_appgroup (approle_code, appgroup_id, rowidentifier, rowversion, change_action, change_user, change_time) VALUES ('ExportMap', '70', '6316751e-b530-11e3-b55a-9b22cd600f5d', 1, 'i', 'db:postgres', '2014-03-27 11:48:37.391');
INSERT INTO approle_appgroup (approle_code, appgroup_id, rowidentifier, rowversion, change_action, change_user, change_time) VALUES ('ApplnView', '80', '6316751e-b530-11e3-9310-47d2566a76de', 1, 'i', 'db:postgres', '2014-03-27 11:48:37.391');
INSERT INTO approle_appgroup (approle_code, appgroup_id, rowidentifier, rowversion, change_action, change_user, change_time) VALUES ('SourceSearch', '80', '6316751e-b530-11e3-acc7-474b276ddd62', 1, 'i', 'db:postgres', '2014-03-27 11:48:37.391');
INSERT INTO approle_appgroup (approle_code, appgroup_id, rowidentifier, rowversion, change_action, change_user, change_time) VALUES ('ViewMap', '80', '6316751e-b530-11e3-b45a-cf652d8f70a6', 1, 'i', 'db:postgres', '2014-03-27 11:48:37.391');
INSERT INTO approle_appgroup (approle_code, appgroup_id, rowidentifier, rowversion, change_action, change_user, change_time) VALUES ('ManageUserPassword', '80', '6318d688-b530-11e3-b9d4-ef0ad1a015c9', 1, 'i', 'db:postgres', '2014-03-27 11:48:37.391');
INSERT INTO approle_appgroup (approle_code, appgroup_id, rowidentifier, rowversion, change_action, change_user, change_time) VALUES ('ViewSource', '80', '6318d688-b530-11e3-8094-ff3228fc6468', 1, 'i', 'db:postgres', '2014-03-27 11:48:37.391');
INSERT INTO approle_appgroup (approle_code, appgroup_id, rowidentifier, rowversion, change_action, change_user, change_time) VALUES ('PrintMap', '80', '6318d688-b530-11e3-bdc7-ff952093e010', 1, 'i', 'db:postgres', '2014-03-27 11:48:37.391');
INSERT INTO approle_appgroup (approle_code, appgroup_id, rowidentifier, rowversion, change_action, change_user, change_time) VALUES ('ExportMap', '80', '6318d688-b530-11e3-a176-3f553ddf3421', 1, 'i', 'db:postgres', '2014-03-27 11:48:37.391');
INSERT INTO approle_appgroup (approle_code, appgroup_id, rowidentifier, rowversion, change_action, change_user, change_time) VALUES ('BaunitCertificate', '5654ca9a-595d-4a25-9809-0899dcb93673', '6318d688-b530-11e3-bc0b-2b02ddd525ee', 1, 'i', 'db:postgres', '2014-03-27 11:48:37.391');
INSERT INTO approle_appgroup (approle_code, appgroup_id, rowidentifier, rowversion, change_action, change_user, change_time) VALUES ('ReportGenerate', '5654ca9a-595d-4a25-9809-0899dcb93673', '6318d688-b530-11e3-a9cb-e795cdfc12fb', 1, 'i', 'db:postgres', '2014-03-27 11:48:37.391');
INSERT INTO approle_appgroup (approle_code, appgroup_id, rowidentifier, rowversion, change_action, change_user, change_time) VALUES ('ApplnStatus', '5654ca9a-595d-4a25-9809-0899dcb93673', '6318d688-b530-11e3-9b0c-ff6ea78a747e', 1, 'i', 'db:postgres', '2014-03-27 11:48:37.391');
INSERT INTO approle_appgroup (approle_code, appgroup_id, rowidentifier, rowversion, change_action, change_user, change_time) VALUES ('PrintMap', '5654ca9a-595d-4a25-9809-0899dcb93673', '6318d688-b530-11e3-87ee-f795fc1c5230', 1, 'i', 'db:postgres', '2014-03-27 11:48:37.391');
INSERT INTO approle_appgroup (approle_code, appgroup_id, rowidentifier, rowversion, change_action, change_user, change_time) VALUES ('SourcePrint', '5654ca9a-595d-4a25-9809-0899dcb93673', '6318d688-b530-11e3-91bc-93626d623c08', 1, 'i', 'db:postgres', '2014-03-27 11:48:37.391');
INSERT INTO approle_appgroup (approle_code, appgroup_id, rowidentifier, rowversion, change_action, change_user, change_time) VALUES ('BaunitSearch', '5654ca9a-595d-4a25-9809-0899dcb93673', '6318d688-b530-11e3-a84f-1fe7aea4bed4', 1, 'i', 'db:postgres', '2014-03-27 11:48:37.391');
INSERT INTO approle_appgroup (approle_code, appgroup_id, rowidentifier, rowversion, change_action, change_user, change_time) VALUES ('ApplnView', '5654ca9a-595d-4a25-9809-0899dcb93673', '6318d688-b530-11e3-9cfa-437ac32d9504', 1, 'i', 'db:postgres', '2014-03-27 11:48:37.391');
INSERT INTO approle_appgroup (approle_code, appgroup_id, rowidentifier, rowversion, change_action, change_user, change_time) VALUES ('SourceSearch', '5654ca9a-595d-4a25-9809-0899dcb93673', '6318d688-b530-11e3-ba8e-af31fdc6d514', 1, 'i', 'db:postgres', '2014-03-27 11:48:37.391');
INSERT INTO approle_appgroup (approle_code, appgroup_id, rowidentifier, rowversion, change_action, change_user, change_time) VALUES ('ViewSource', '5654ca9a-595d-4a25-9809-0899dcb93673', '6318d688-b530-11e3-ae3b-0311dfe0c826', 1, 'i', 'db:postgres', '2014-03-27 11:48:37.391');
INSERT INTO approle_appgroup (approle_code, appgroup_id, rowidentifier, rowversion, change_action, change_user, change_time) VALUES ('ViewMap', '5654ca9a-595d-4a25-9809-0899dcb93673', '6318d688-b530-11e3-be8c-5bbdf1551051', 1, 'i', 'db:postgres', '2014-03-27 11:48:37.391');
INSERT INTO approle_appgroup (approle_code, appgroup_id, rowidentifier, rowversion, change_action, change_user, change_time) VALUES ('ManageUserPassword', '5654ca9a-595d-4a25-9809-0899dcb93673', '6318d688-b530-11e3-a6a7-0ff9dfcb1739', 1, 'i', 'db:postgres', '2014-03-27 11:48:37.391');
INSERT INTO approle_appgroup (approle_code, appgroup_id, rowidentifier, rowversion, change_action, change_user, change_time) VALUES ('ViewMap', 'cbca8c4f-635c-4144-91af-726cba414f5f', '6318d688-b530-11e3-9675-c719dc765ec2', 1, 'i', 'db:postgres', '2014-03-27 11:48:37.391');
INSERT INTO approle_appgroup (approle_code, appgroup_id, rowidentifier, rowversion, change_action, change_user, change_time) VALUES ('ManageUserPassword', 'cbca8c4f-635c-4144-91af-726cba414f5f', '6318d688-b530-11e3-8734-3b91bca67e81', 1, 'i', 'db:postgres', '2014-03-27 11:48:37.391');
INSERT INTO approle_appgroup (approle_code, appgroup_id, rowidentifier, rowversion, change_action, change_user, change_time) VALUES ('ChangePassword', '10', '633eecec-b530-11e3-abb0-93cbba2af47a', 1, 'i', 'db:postgres', '2014-03-27 11:48:37.391');
INSERT INTO approle_appgroup (approle_code, appgroup_id, rowidentifier, rowversion, change_action, change_user, change_time) VALUES ('ChangePassword', '20', '633eecec-b530-11e3-98d2-43edeb22fea3', 1, 'i', 'db:postgres', '2014-03-27 11:48:37.391');
INSERT INTO approle_appgroup (approle_code, appgroup_id, rowidentifier, rowversion, change_action, change_user, change_time) VALUES ('ChangePassword', '30', '633eecec-b530-11e3-9759-4b55f7abb290', 1, 'i', 'db:postgres', '2014-03-27 11:48:37.391');
INSERT INTO approle_appgroup (approle_code, appgroup_id, rowidentifier, rowversion, change_action, change_user, change_time) VALUES ('ChangePassword', '40', '633eecec-b530-11e3-913e-2bc321d523a4', 1, 'i', 'db:postgres', '2014-03-27 11:48:37.391');
INSERT INTO approle_appgroup (approle_code, appgroup_id, rowidentifier, rowversion, change_action, change_user, change_time) VALUES ('ChangePassword', '50', '633eecec-b530-11e3-a6a3-af80dfa015b7', 1, 'i', 'db:postgres', '2014-03-27 11:48:37.391');
INSERT INTO approle_appgroup (approle_code, appgroup_id, rowidentifier, rowversion, change_action, change_user, change_time) VALUES ('ChangePassword', '60', '633eecec-b530-11e3-b276-6397d995048f', 1, 'i', 'db:postgres', '2014-03-27 11:48:37.391');
INSERT INTO approle_appgroup (approle_code, appgroup_id, rowidentifier, rowversion, change_action, change_user, change_time) VALUES ('ChangePassword', '70', '633eecec-b530-11e3-aa61-87c23c40e349', 1, 'i', 'db:postgres', '2014-03-27 11:48:37.391');
INSERT INTO approle_appgroup (approle_code, appgroup_id, rowidentifier, rowversion, change_action, change_user, change_time) VALUES ('ChangePassword', '80', '633eecec-b530-11e3-80f6-13bd987559a8', 1, 'i', 'db:postgres', '2014-03-27 11:48:37.391');
INSERT INTO approle_appgroup (approle_code, appgroup_id, rowidentifier, rowversion, change_action, change_user, change_time) VALUES ('ChangePassword', '5654ca9a-595d-4a25-9809-0899dcb93673', '633eecec-b530-11e3-ac95-ff2a42fe1278', 1, 'i', 'db:postgres', '2014-03-27 11:48:37.391');
INSERT INTO approle_appgroup (approle_code, appgroup_id, rowidentifier, rowversion, change_action, change_user, change_time) VALUES ('ChangePassword', 'cbca8c4f-635c-4144-91af-726cba414f5f', '633eecec-b530-11e3-b543-2bc37af720fe', 1, 'i', 'db:postgres', '2014-03-27 11:48:37.391');
INSERT INTO approle_appgroup (approle_code, appgroup_id, rowidentifier, rowversion, change_action, change_user, change_time) VALUES ('MeasureTool', '80', 'bf714a0e-b9ff-11e3-8877-1777a5282621', 1, 'i', 'db:postgres', '2014-04-02 13:43:03.084');
INSERT INTO approle_appgroup (approle_code, appgroup_id, rowidentifier, rowversion, change_action, change_user, change_time) VALUES ('MeasureTool', '70', 'bf72346e-b9ff-11e3-9e1c-af739e042ea5', 1, 'i', 'db:postgres', '2014-04-02 13:43:03.084');
INSERT INTO approle_appgroup (approle_code, appgroup_id, rowidentifier, rowversion, change_action, change_user, change_time) VALUES ('lapseCaveat', '60', 'a3964d46-ba0b-11e3-bf9b-8b159f9d8226', 1, 'i', 'db:postgres', '2014-04-02 15:08:10.316');
INSERT INTO approle_appgroup (approle_code, appgroup_id, rowidentifier, rowversion, change_action, change_user, change_time) VALUES ('newUnitTitle', '60', 'ab8e9d98-d188-11e3-930c-fb9223f9b49f', 1, 'i', 'db:postgres', '2014-05-02 11:31:07.504');
INSERT INTO approle_appgroup (approle_code, appgroup_id, rowidentifier, rowversion, change_action, change_user, change_time) VALUES ('varyCommonProperty', '60', 'ab8ec4b2-d188-11e3-ac2e-5f1cc85d046b', 1, 'i', 'db:postgres', '2014-05-02 11:31:07.504');
INSERT INTO approle_appgroup (approle_code, appgroup_id, rowidentifier, rowversion, change_action, change_user, change_time) VALUES ('cancelUnitPlan', '60', 'ab8eebc2-d188-11e3-b1b6-7b815ec0df1f', 1, 'i', 'db:postgres', '2014-05-02 11:31:07.504');
INSERT INTO approle_appgroup (approle_code, appgroup_id, rowidentifier, rowversion, change_action, change_user, change_time) VALUES ('changeBodyCorp', '60', 'ab8f12d2-d188-11e3-99c0-df7fa58e7a21', 1, 'i', 'db:postgres', '2014-05-02 11:31:07.504');
INSERT INTO approle_appgroup (approle_code, appgroup_id, rowidentifier, rowversion, change_action, change_user, change_time) VALUES ('StrataUnitCreate', '60', 'ab8f39e2-d188-11e3-906a-af58c29306b5', 1, 'i', 'db:postgres', '2014-05-02 11:31:07.504');
INSERT INTO approle_appgroup (approle_code, appgroup_id, rowidentifier, rowversion, change_action, change_user, change_time) VALUES ('unitPlan', '70', 'ab8faf12-d188-11e3-8420-ab10ffc7e621', 1, 'i', 'db:postgres', '2014-05-02 11:31:07.504');
INSERT INTO approle_appgroup (approle_code, appgroup_id, rowidentifier, rowversion, change_action, change_user, change_time) VALUES ('ChangeParcelAttrTool', '70', '23a7af4c-d272-11e3-aacb-93124e7cff45', 1, 'i', 'db:postgres', '2014-05-03 15:22:21.551');
INSERT INTO approle_appgroup (approle_code, appgroup_id, rowidentifier, rowversion, change_action, change_user, change_time) VALUES ('recordMiscFee', '60', 'af9b54d8-43a4-11e4-9bc5-5f748b683691', 1, 'i', 'db:postgres', '2014-09-24 16:38:52.539');
INSERT INTO approle_appgroup (approle_code, appgroup_id, rowidentifier, rowversion, change_action, change_user, change_time) VALUES ('cancelMiscFee', '60', 'afb17542-43a4-11e4-82a1-9f12bb98d568', 1, 'i', 'db:postgres', '2014-09-24 16:38:52.539');
INSERT INTO approle_appgroup (approle_code, appgroup_id, rowidentifier, rowversion, change_action, change_user, change_time) VALUES ('lifeEstateFee', '60', '367aaccc-bc65-11e4-8fde-7fd122677b95', 1, 'i', 'db:postgres', '2015-02-25 09:39:21.82');


ALTER TABLE approle_appgroup ENABLE TRIGGER ALL;

--
-- Data for Name: appuser; Type: TABLE DATA; Schema: system; Owner: postgres
--

ALTER TABLE appuser DISABLE TRIGGER ALL;

INSERT INTO appuser (id, username, first_name, last_name, passwd, active, description, rowidentifier, rowversion, change_action, change_user, change_time) VALUES ('test-id', 'test', 'Test', 'The BOSS', '7e2dff3c8e56a95708bf095ffaf0213ff756319606541b3ac89d1ad60705d0cd', false, NULL, 'd3804090-3445-11e2-96d3-abe8573edd69', 7, 'u', 'andrew', '2014-03-27 11:48:37.391');
INSERT INTO appuser (id, username, first_name, last_name, passwd, active, description, rowidentifier, rowversion, change_action, change_user, change_time) VALUES ('E0319B8C-E511-4702-B1B7-C723245824FB', 'fala', 'Fala', 'Selesele', '34ea1dc7f1218bca0ae5cfa00a3559bcc07cd3b6e32466f43c4a75673a1b7d92', true, NULL, 'd7b2f83c-3432-11e2-920c-8fff30b2ba76', 8, 'u', 'fala', '2014-03-27 12:45:09.838');
INSERT INTO appuser (id, username, first_name, last_name, passwd, active, description, rowidentifier, rowversion, change_action, change_user, change_time) VALUES ('673fd90a-3435-11e2-8f0b-bffcc5e5c194', 'petania', 'Petania', 'Tuala', 'f7ce55afd87d1c30743276f6621752f61d12068418685fe6afb665dfb1ce5a44', true, NULL, '6740001a-3435-11e2-8884-e70a90fd02d2', 8, 'u', 'petania', '2014-03-27 12:58:15.968');
INSERT INTO appuser (id, username, first_name, last_name, passwd, active, description, rowidentifier, rowversion, change_action, change_user, change_time) VALUES ('673eeeaa-3435-11e2-ba68-ff851a3828b9', 'tuaoloa', 'Tuaoloa', 'Pokati', 'd7fcb3cbee43bdc02d5526c729eada0c9626923a2c5a5611d987716cc8e4293a', true, NULL, '673f15ba-3435-11e2-b45c-37a1b7703f28', 12, 'u', 'tuaoloa', '2014-03-27 14:20:35.365');
INSERT INTO appuser (id, username, first_name, last_name, passwd, active, description, rowidentifier, rowversion, change_action, change_user, change_time) VALUES ('19B6C313-40B4-45BF-BC22-CA0D5572A249', 'dennis', 'Dennis', 'Brady', '9f86d081884c7d659a2feaa0c55ad015a3bf4f1b2b0b822cd15d6c15b0f00a08', false, NULL, 'd7b2aa1c-3432-11e2-aebc-8faad9a202d1', 5, 'u', 'andrew', '2014-03-27 11:48:37.391');
INSERT INTO appuser (id, username, first_name, last_name, passwd, active, description, rowidentifier, rowversion, change_action, change_user, change_time) VALUES ('19B86E80-CDF9-4B23-802A-9DEA4D50FF05', 'moira', 'Moira', 'Faletutulu', '9f86d081884c7d659a2feaa0c55ad015a3bf4f1b2b0b822cd15d6c15b0f00a08', false, NULL, 'd7b36d6c-3432-11e2-8fae-cb111e653506', 5, 'u', 'andrew', '2014-03-27 11:48:37.391');
INSERT INTO appuser (id, username, first_name, last_name, passwd, active, description, rowidentifier, rowversion, change_action, change_user, change_time) VALUES ('6CBF1597-4EE0-4A03-8061-2DAD87DA26C7', 'nimo', 'Faanimo', 'Reti-Warren', '9f86d081884c7d659a2feaa0c55ad015a3bf4f1b2b0b822cd15d6c15b0f00a08', false, NULL, 'd7b409b6-3432-11e2-8561-2f040a0f2d19', 5, 'u', 'andrew', '2014-03-27 11:48:37.391');
INSERT INTO appuser (id, username, first_name, last_name, passwd, active, description, rowidentifier, rowversion, change_action, change_user, change_time) VALUES ('22F33D5E-7F84-490C-9751-0645BD5CF1AC', 'sefo', 'Sefo', 'Sa''e', '9f86d081884c7d659a2feaa0c55ad015a3bf4f1b2b0b822cd15d6c15b0f00a08', false, NULL, 'd7b51b26-3432-11e2-a490-87361e041bd9', 5, 'u', 'andrew', '2014-03-27 11:48:37.391');
INSERT INTO appuser (id, username, first_name, last_name, passwd, active, description, rowidentifier, rowversion, change_action, change_user, change_time) VALUES ('673f8aea-3435-11e2-afe7-5fb6601c2f75', 'larry', 'Larry', 'Fasimaau', 'a0f16ba6c577f6534279f36ded8a186b5fa6d3cf66271ada172e879ca9bf3964', true, NULL, '673fb1fa-3435-11e2-91f3-8bbb61a3af3c', 7, 'u', 'andrew', '2014-03-27 11:48:37.391');
INSERT INTO appuser (id, username, first_name, last_name, passwd, active, description, rowidentifier, rowversion, change_action, change_user, change_time) VALUES ('5F856781-FF88-43F6-9069-3529EFF2C4BC', 'tuii', 'Tui''i', 'Taua', '9f86d081884c7d659a2feaa0c55ad015a3bf4f1b2b0b822cd15d6c15b0f00a08', false, NULL, 'd7b5de76-3432-11e2-bbfa-b7545e5fab42', 6, 'u', 'andrew', '2014-03-27 11:48:37.391');
INSERT INTO appuser (id, username, first_name, last_name, passwd, active, description, rowidentifier, rowversion, change_action, change_user, change_time) VALUES ('D259AE0D-A878-4D0A-B426-B84EC6F1FC7A', 'fala2', 'Fala', 'Selesele (2)', '9f86d081884c7d659a2feaa0c55ad015a3bf4f1b2b0b822cd15d6c15b0f00a08', false, NULL, 'd7b67ac0-3432-11e2-97bc-177fe46d5ce5', 6, 'u', 'andrew', '2014-03-27 11:48:37.391');
INSERT INTO appuser (id, username, first_name, last_name, passwd, active, description, rowidentifier, rowversion, change_action, change_user, change_time) VALUES ('85BE57CD-3AB3-46BC-B0B2-0E10D1AA5338', 'niko2', 'Falaniko', 'Afaese (2)', '9f86d081884c7d659a2feaa0c55ad015a3bf4f1b2b0b822cd15d6c15b0f00a08', false, NULL, 'd7b6a1d0-3432-11e2-a6ad-8fdc4217ada0', 6, 'u', 'andrew', '2014-03-27 11:48:37.391');
INSERT INTO appuser (id, username, first_name, last_name, passwd, active, description, rowidentifier, rowversion, change_action, change_user, change_time) VALUES ('EDF22A75-DD56-4945-AC32-8CC03168FB7E', 'tavita2', 'Tavita', 'Lesatele (2)', '9f86d081884c7d659a2feaa0c55ad015a3bf4f1b2b0b822cd15d6c15b0f00a08', false, NULL, 'd7b6c8e0-3432-11e2-adce-8be6ed622711', 6, 'u', 'andrew', '2014-03-27 11:48:37.391');
INSERT INTO appuser (id, username, first_name, last_name, passwd, active, description, rowidentifier, rowversion, change_action, change_user, change_time) VALUES ('3B6A688C-4F0F-4498-A19D-70BE95AB1F36', 'tua2', 'Tuaena', 'Faasalaina (2)', '9f86d081884c7d659a2feaa0c55ad015a3bf4f1b2b0b822cd15d6c15b0f00a08', false, NULL, 'd7b6eff0-3432-11e2-9435-ef9dccecddbd', 6, 'u', 'andrew', '2014-03-27 11:48:37.391');
INSERT INTO appuser (id, username, first_name, last_name, passwd, active, description, rowidentifier, rowversion, change_action, change_user, change_time) VALUES ('B578EC10-CA95-40A2-8073-E14CBC9D2A45', 'neil', 'Neil', 'Pullar', '7e2dff3c8e56a95708bf095ffaf0213ff756319606541b3ac89d1ad60705d0cd', false, NULL, 'd7b3bb8c-3432-11e2-9910-a7a80ae98ad8', 8, 'u', 'andrew', '2014-03-27 11:48:37.391');
INSERT INTO appuser (id, username, first_name, last_name, passwd, active, description, rowidentifier, rowversion, change_action, change_user, change_time) VALUES ('d56377ec-3445-11e2-9730-7f79d007c7d6', 'qauser', 'Quality Assurance', 'User', 'eadf21066c938cd862cf4bb59f1e36b9a75334b4a8445bb1053e0661446ebcd9', false, NULL, 'd565d94c-3445-11e2-b6dc-4b7f5af73e41', 4, 'u', 'andrew', '2014-03-27 11:48:37.391');
INSERT INTO appuser (id, username, first_name, last_name, passwd, active, description, rowidentifier, rowversion, change_action, change_user, change_time) VALUES ('35f52bc7-4d82-4986-a9bf-46ca85392202', 'joshua', 'Joshua', 'Satomai', '1b4f0e9851971998e732078544c96b36c3d01cedf7caa332359d6f1d83567014', false, NULL, '025cb0b8-1ea7-4698-ac55-11dee40755d8', 5, 'u', 'andrew', '2014-03-27 11:48:37.391');
INSERT INTO appuser (id, username, first_name, last_name, passwd, active, description, rowidentifier, rowversion, change_action, change_user, change_time) VALUES ('d56377ec-3445-11e2-8a38-874e23abe3a7', 'landreguser', 'Land Registry', 'User', '3a1fbe3718bec66761c29cbfd640b6b245fd9a728a6115d7ac0e342a39224eef', false, NULL, 'd56377ec-3445-11e2-9e91-ff5a079f16cc', 4, 'u', 'andrew', '2014-03-27 11:48:37.391');
INSERT INTO appuser (id, username, first_name, last_name, passwd, active, description, rowidentifier, rowversion, change_action, change_user, change_time) VALUES ('d56377ec-3445-11e2-b8de-b3d6c2ff5a47', 'admin', 'MNRE', 'Admin', '8c6976e5b5410415bde908bd4dee15dfb167a9c873fc4bb8a81f6f2ab448a918', false, NULL, 'd56377ec-3445-11e2-8cf2-932d94236594', 4, 'u', 'andrew', '2014-03-27 11:48:37.391');
INSERT INTO appuser (id, username, first_name, last_name, passwd, active, description, rowidentifier, rowversion, change_action, change_user, change_time) VALUES ('673e2b50-3435-11e2-92d4-d3e10f46f3bd', 'semi', 'Semi', 'Peteru', 'c2c427c805c6a0b42f98c5c15f4605b017d0573600ebc3d96db6e495f2b0ef30', true, NULL, '673e5260-3435-11e2-893e-675d25881792', 8, 'u', 'andrew', '2014-03-27 11:48:37.391');
INSERT INTO appuser (id, username, first_name, last_name, passwd, active, description, rowidentifier, rowversion, change_action, change_user, change_time) VALUES ('BA42FC58-6636-4400-B41C-765773F805BC', 'admin2', 'SOLA', 'Admin (2)', '7e2dff3c8e56a95708bf095ffaf0213ff756319606541b3ac89d1ad60705d0cd', false, NULL, 'd7b62c96-3432-11e2-bd36-d779c0ec7d5d', 8, 'u', 'andrew', '2014-03-27 11:48:37.391');
INSERT INTO appuser (id, username, first_name, last_name, passwd, active, description, rowidentifier, rowversion, change_action, change_user, change_time) VALUES ('A2439B88-3BFD-4B64-8F72-601C1FDF6C85', 'sita', 'Filisita', 'Heather', 'd5792cea031d45dc013977007fad4ca41c1b206bfd00261e933789934e539e03', true, NULL, 'd7b54236-3432-11e2-9f36-fb8c791605fd', 7, 'u', 'andrew', '2014-03-27 11:48:37.391');
INSERT INTO appuser (id, username, first_name, last_name, passwd, active, description, rowidentifier, rowversion, change_action, change_user, change_time) VALUES ('6740754a-3435-11e2-b9f0-f3115a7a6e2e', 'toelau', 'Safuta Toelau', 'Iulio', 'bbc9ee6e0a0019c1a5863f0e0b5d81c35448f266c869b7561c1affca98c35b7e', true, NULL, '67409c5a-3435-11e2-83cf-7bc3c6b322ce', 7, 'u', 'andrew', '2014-03-27 11:48:37.391');
INSERT INTO appuser (id, username, first_name, last_name, passwd, active, description, rowidentifier, rowversion, change_action, change_user, change_time) VALUES ('7b87f030-3446-11e2-8a25-bf0bf85aedd9', 'dcdb-migration', 'DCDB', 'Migration', '7b87f030-3446-11e2-b94c-c3da58144f40', false, 'DCDB Migration User', '7b87f030-3446-11e2-9043-f7af2766009a', 4, 'u', 'andrew', '2014-03-27 11:48:37.391');
INSERT INTO appuser (id, username, first_name, last_name, passwd, active, description, rowidentifier, rowversion, change_action, change_user, change_time) VALUES ('9f88cb8a-ff49-4dc5-a7a5-a1be0e8bc908', 'sam', 'sam', 'paniani', '1b4f0e9851971998e732078544c96b36c3d01cedf7caa332359d6f1d83567014', false, NULL, '67eba0f2-7977-49c7-95e0-684c56a4b2e8', 5, 'u', 'andrew', '2014-03-27 11:48:37.391');
INSERT INTO appuser (id, username, first_name, last_name, passwd, active, description, rowidentifier, rowversion, change_action, change_user, change_time) VALUES ('ff0c8809-a4ca-46ae-aa22-6be3f7d4c2c9', 'lydia', 'Lydia', 'Ah-Kuoi', '41faa2c07086c945b1685a04529a25d85cb77e99f9213b01012a6147ddc12c35', true, NULL, 'f8d89dc2-53ba-4109-b59b-074bd37f2afc', 5, 'u', 'andrew', '2014-03-27 11:48:37.391');
INSERT INTO appuser (id, username, first_name, last_name, passwd, active, description, rowidentifier, rowversion, change_action, change_user, change_time) VALUES ('6b22b21b-1d97-4513-82fa-81d4e678fff3', 'sevao', 'Sevao', 'Avaavau', '5ce0d6159e7238ab7f1a8eceb1ea47766db228c7a2441329e3942ee89004687c', true, NULL, 'e78d1b97-35da-4990-948f-b221a5945b21', 8, 'u', 'andrew', '2014-03-27 11:48:37.391');
INSERT INTO appuser (id, username, first_name, last_name, passwd, active, description, rowidentifier, rowversion, change_action, change_user, change_time) VALUES ('1d3e9151-5992-4970-8d0d-172370029afb', 'pau', 'Muausa Pau', 'Ioane', 'a02e5684cfedd9e590ee885987c189be6619df4991384a5b8a0e9267e79495ca', true, '		', 'fd18479e-fcbd-463e-b848-c69f4f52ec2c', 4, 'u', 'andrew', '2014-03-27 11:48:37.391');
INSERT INTO appuser (id, username, first_name, last_name, passwd, active, description, rowidentifier, rowversion, change_action, change_user, change_time) VALUES ('f028e32a-6c78-495e-8f5b-93a8acf1b90c', 'charles', 'Charles', 'Pritchard', '81c508693f7a7e070b3d82ec38fa41922de4f38e24473c690e7d35b5754435b8', true, NULL, '00b913a5-cca9-4b82-8b44-fb1c62b88132', 5, 'u', 'andrew', '2014-03-27 11:48:37.391');
INSERT INTO appuser (id, username, first_name, last_name, passwd, active, description, rowidentifier, rowversion, change_action, change_user, change_time) VALUES ('a1537fe7-b743-4405-8043-83bb81f8a79f', 'safuta', 'Safuta', 'Toelau', '41e690f6014670aadec801ffeaaa7bb1a79dd50bc0621d142b4ed400593485db', true, NULL, 'bab2ad6e-13d7-4026-a034-91ea6aad6c52', 4, 'u', 'andrew', '2014-03-27 11:48:37.391');
INSERT INTO appuser (id, username, first_name, last_name, passwd, active, description, rowidentifier, rowversion, change_action, change_user, change_time) VALUES ('04b8f5db-32eb-4251-9bea-51dddc09e8dc', 'viswam', 'Viswam', 'Ainuu', '2850d3d86fcd13e802194b052c8e2c6936572e8454baae71b0f4aa16600738bb', true, NULL, '01510a7a-3e67-47ee-bfd6-109471ebbb86', 4, 'u', 'andrew', '2014-03-27 11:48:37.391');
INSERT INTO appuser (id, username, first_name, last_name, passwd, active, description, rowidentifier, rowversion, change_action, change_user, change_time) VALUES ('9E56EA06-3EAB-49A5-89E6-AB71F5C199AB', 'tua', 'Tuaena', 'Faasalaina', '7bceb7fde85bbc9c21077d353a1e8e25b3bf5d61855abb46d15b81051eb4224f', true, NULL, 'd7b5b766-3432-11e2-b14d-7f67e4f6e7f7', 8, 'u', 'tua', '2014-03-27 12:07:25.357');
INSERT INTO appuser (id, username, first_name, last_name, passwd, active, description, rowidentifier, rowversion, change_action, change_user, change_time) VALUES ('32442559-2AC7-4618-8879-9238AC078626', 'niko', 'Falaniko', 'Afaese', 'a8085a342815cc578471487e60bdf24a026a46f73f56803fc1f265db07b539a9', true, NULL, 'd7b3e2a6-3432-11e2-8037-1bad703e2cee', 8, 'u', 'niko', '2014-03-27 12:16:53.618');
INSERT INTO appuser (id, username, first_name, last_name, passwd, active, description, rowidentifier, rowversion, change_action, change_user, change_time) VALUES ('F8556B65-84E7-490F-B86F-73638B5B6230', 'pati', 'Pati', 'Paepae', 'fac445f594a545116747701d3a307109432735698cabeebf65f09ac5d343d78b', true, NULL, 'd7b457d6-3432-11e2-aaca-f374f6a28bd1', 8, 'u', 'pati', '2014-03-27 12:37:54.691');
INSERT INTO appuser (id, username, first_name, last_name, passwd, active, description, rowidentifier, rowversion, change_action, change_user, change_time) VALUES ('f076cf78-a189-447f-85ce-b9533d690217', 'aukuso', 'Aukuso', 'Fruean', '9f0638fd60feedbc1a5dced8234040d707c084bd75ddd2efb9154dbc220894bb', true, NULL, '8b3fbede-e6c4-4a60-8526-cda3bf74bfb6', 6, 'u', 'aukuso', '2014-03-27 12:44:19.122');
INSERT INTO appuser (id, username, first_name, last_name, passwd, active, description, rowidentifier, rowversion, change_action, change_user, change_time) VALUES ('C3B9742D-6D1D-49E6-B9FE-EA510E0C1A93', 'sapati', 'Sapati', 'Misipati', '835b2dfa8c3d5ed0832e1c9e33bc7117d114609d3384073cd4df32d447d3241e', true, NULL, 'd7b4cd06-3432-11e2-985d-7f505ae44041', 8, 'u', 'sapati', '2014-03-27 12:51:14.082');
INSERT INTO appuser (id, username, first_name, last_name, passwd, active, description, rowidentifier, rowversion, change_action, change_user, change_time) VALUES ('673ddd30-3435-11e2-a7a6-4f308915f2b6', 'tufi', 'Tufi', 'Auelua', 'f0cbd3f07c677168058300b8273c74f8e80eb07458a1ff3c60b47bc61dcd2d53', true, NULL, '673ddd30-3435-11e2-8d39-47ed22c6ab2e', 8, 'u', 'tufi', '2014-03-27 14:22:26.484');
INSERT INTO appuser (id, username, first_name, last_name, passwd, active, description, rowidentifier, rowversion, change_action, change_user, change_time) VALUES ('673f3cca-3435-11e2-9287-7344fd9df7f7', 'pasese', 'Pasese', 'Pasese', '82bcfe5cc525209e46bf5a66a552f17ca86d5fcb122c3fdca9600afaf8ca401e', true, NULL, '673f63da-3435-11e2-ac77-4bd0d722627a', 8, 'u', 'pasese', '2014-03-27 14:40:22.088');
INSERT INTO appuser (id, username, first_name, last_name, passwd, active, description, rowidentifier, rowversion, change_action, change_user, change_time) VALUES ('F4D22792-9842-413C-ACFF-B697F10E60F9', 'tavita', 'Tavita', 'Lesatele', '1b2fc9341a16ae4e30082965d537ae47c21a0f27fd43eab78330ed81751ae6db', true, NULL, 'd7b59056-3432-11e2-882b-bf48245abdb9', 15, 'u', 'tavita', '2014-03-27 15:22:01.126');
INSERT INTO appuser (id, username, first_name, last_name, passwd, active, description, rowidentifier, rowversion, change_action, change_user, change_time) VALUES ('E4E6554E-C5B7-4C0B-A98E-8FBE82D3BD01', 'peta', 'Elisapeta', 'Leato', 'aaba03a84577d67ae9999e03d237b23645ecfc46fb5c5881c92499a91e3f1ea0', true, NULL, 'd7b2d12c-3432-11e2-9855-eb5ecbdb01b3', 9, 'u', 'peta', '2014-03-27 15:15:59.718');
INSERT INTO appuser (id, username, first_name, last_name, passwd, active, description, rowidentifier, rowversion, change_action, change_user, change_time) VALUES ('F1ECE0D4-773F-4598-858B-6F8A878E30AF', 'pele', 'Pele', 'Fuatai', 'e44a87bed53d11f094888aa52b1bc839548457b45c5afd07a8ea1a5ac0856782', true, NULL, 'd7b47ee6-3432-11e2-ae4b-e741a8fc4b2d', 9, 'u', 'pele', '2014-03-27 15:25:52.464');
INSERT INTO appuser (id, username, first_name, last_name, passwd, active, description, rowidentifier, rowversion, change_action, change_user, change_time) VALUES ('673ea080-3435-11e2-9164-0b47aa9ede1b', 'ese', 'Ese', 'Suisala', '18fcb1f76994c6191e889422790f6cd36bf210178ea7e329dce708e5dc6b5242', true, NULL, '673ec79a-3435-11e2-ac53-a396e06f8942', 8, 'u', 'ese', '2014-03-27 15:19:00.104');
INSERT INTO appuser (id, username, first_name, last_name, passwd, active, description, rowidentifier, rowversion, change_action, change_user, change_time) VALUES ('6740272a-3435-11e2-9c29-2f60b79da144', 'fenika', 'Fenika', 'Oloapu', 'b988c17bfdcaa2c803332f123a203a1385fe5dc441bf3180b593a7d6184c1679', true, NULL, '67404e3a-3435-11e2-a24d-dfed019b7f6f', 8, 'u', 'fenika', '2014-03-28 11:20:05.919');
INSERT INTO appuser (id, username, first_name, last_name, passwd, active, description, rowidentifier, rowversion, change_action, change_user, change_time) VALUES ('673cf2d0-3435-11e2-8d79-9bbadfb66eb4', 'andrew', 'Andrew', 'McDowell', 'fc093c6f48bcdad5ddd7964faff3a41c51b337a4824301b96c4d3b293b590c30', true, NULL, '673d19e0-3435-11e2-80c1-fb0ff2417495', 12, 'u', 'andrew', '2014-03-29 11:41:34.386');


ALTER TABLE appuser ENABLE TRIGGER ALL;

--
-- Data for Name: appuser_appgroup; Type: TABLE DATA; Schema: system; Owner: postgres
--

ALTER TABLE appuser_appgroup DISABLE TRIGGER ALL;

INSERT INTO appuser_appgroup (appuser_id, appgroup_id, rowidentifier, rowversion, change_action, change_user, change_time) VALUES ('d56377ec-3445-11e2-b8de-b3d6c2ff5a47', '10', '6324bd86-b530-11e3-9bfe-57cc6fb46352', 1, 'i', 'db:postgres', '2014-03-27 11:48:37.391');
INSERT INTO appuser_appgroup (appuser_id, appgroup_id, rowidentifier, rowversion, change_action, change_user, change_time) VALUES ('d56377ec-3445-11e2-8a38-874e23abe3a7', '60', '6324bd86-b530-11e3-8e83-237491a47233', 1, 'i', 'db:postgres', '2014-03-27 11:48:37.391');
INSERT INTO appuser_appgroup (appuser_id, appgroup_id, rowidentifier, rowversion, change_action, change_user, change_time) VALUES ('d56377ec-3445-11e2-9730-7f79d007c7d6', '70', '6324bd86-b530-11e3-830a-839482754a34', 1, 'i', 'db:postgres', '2014-03-27 11:48:37.391');
INSERT INTO appuser_appgroup (appuser_id, appgroup_id, rowidentifier, rowversion, change_action, change_user, change_time) VALUES ('BA42FC58-6636-4400-B41C-765773F805BC', '10', '6324bd86-b530-11e3-aabe-570a7b9eaa4b', 1, 'i', 'db:postgres', '2014-03-27 11:48:37.391');
INSERT INTO appuser_appgroup (appuser_id, appgroup_id, rowidentifier, rowversion, change_action, change_user, change_time) VALUES ('F1ECE0D4-773F-4598-858B-6F8A878E30AF', '60', '63271ef0-b530-11e3-8a4b-8361bc823364', 1, 'i', 'db:postgres', '2014-03-27 11:48:37.391');
INSERT INTO appuser_appgroup (appuser_id, appgroup_id, rowidentifier, rowversion, change_action, change_user, change_time) VALUES ('F1ECE0D4-773F-4598-858B-6F8A878E30AF', '70', '63271ef0-b530-11e3-a0de-a7e2093000d0', 1, 'i', 'db:postgres', '2014-03-27 11:48:37.391');
INSERT INTO appuser_appgroup (appuser_id, appgroup_id, rowidentifier, rowversion, change_action, change_user, change_time) VALUES ('F1ECE0D4-773F-4598-858B-6F8A878E30AF', '40', '63271ef0-b530-11e3-921b-7f5253b23c9b', 1, 'i', 'db:postgres', '2014-03-27 11:48:37.391');
INSERT INTO appuser_appgroup (appuser_id, appgroup_id, rowidentifier, rowversion, change_action, change_user, change_time) VALUES ('E4E6554E-C5B7-4C0B-A98E-8FBE82D3BD01', '70', '63271ef0-b530-11e3-9778-3bd3074a863c', 1, 'i', 'db:postgres', '2014-03-27 11:48:37.391');
INSERT INTO appuser_appgroup (appuser_id, appgroup_id, rowidentifier, rowversion, change_action, change_user, change_time) VALUES ('E4E6554E-C5B7-4C0B-A98E-8FBE82D3BD01', '40', '63271ef0-b530-11e3-80a2-cf6827c32731', 1, 'i', 'db:postgres', '2014-03-27 11:48:37.391');
INSERT INTO appuser_appgroup (appuser_id, appgroup_id, rowidentifier, rowversion, change_action, change_user, change_time) VALUES ('673ddd30-3435-11e2-a7a6-4f308915f2b6', '70', '63271ef0-b530-11e3-8fbe-832a1af48efb', 1, 'i', 'db:postgres', '2014-03-27 11:48:37.391');
INSERT INTO appuser_appgroup (appuser_id, appgroup_id, rowidentifier, rowversion, change_action, change_user, change_time) VALUES ('673ddd30-3435-11e2-a7a6-4f308915f2b6', '40', '63271ef0-b530-11e3-a5de-3fe2659102ea', 1, 'i', 'db:postgres', '2014-03-27 11:48:37.391');
INSERT INTO appuser_appgroup (appuser_id, appgroup_id, rowidentifier, rowversion, change_action, change_user, change_time) VALUES ('673e2b50-3435-11e2-92d4-d3e10f46f3bd', '70', '63271ef0-b530-11e3-aa14-3faf9540bcd3', 1, 'i', 'db:postgres', '2014-03-27 11:48:37.391');
INSERT INTO appuser_appgroup (appuser_id, appgroup_id, rowidentifier, rowversion, change_action, change_user, change_time) VALUES ('673eeeaa-3435-11e2-ba68-ff851a3828b9', '70', '63271ef0-b530-11e3-baf1-6f22dea41eb8', 1, 'i', 'db:postgres', '2014-03-27 11:48:37.391');
INSERT INTO appuser_appgroup (appuser_id, appgroup_id, rowidentifier, rowversion, change_action, change_user, change_time) VALUES ('673ea080-3435-11e2-9164-0b47aa9ede1b', '70', '63271ef0-b530-11e3-8eb5-6fc5a999a22c', 1, 'i', 'db:postgres', '2014-03-27 11:48:37.391');
INSERT INTO appuser_appgroup (appuser_id, appgroup_id, rowidentifier, rowversion, change_action, change_user, change_time) VALUES ('673ea080-3435-11e2-9164-0b47aa9ede1b', '40', '63271ef0-b530-11e3-9bc6-43eb3aadfcbe', 1, 'i', 'db:postgres', '2014-03-27 11:48:37.391');
INSERT INTO appuser_appgroup (appuser_id, appgroup_id, rowidentifier, rowversion, change_action, change_user, change_time) VALUES ('673f8aea-3435-11e2-afe7-5fb6601c2f75', '70', '63271ef0-b530-11e3-883f-5fd658e96e8c', 1, 'i', 'db:postgres', '2014-03-27 11:48:37.391');
INSERT INTO appuser_appgroup (appuser_id, appgroup_id, rowidentifier, rowversion, change_action, change_user, change_time) VALUES ('19B6C313-40B4-45BF-BC22-CA0D5572A249', '30', '63271ef0-b530-11e3-8e82-9b90521fb53f', 1, 'i', 'db:postgres', '2014-03-27 11:48:37.391');
INSERT INTO appuser_appgroup (appuser_id, appgroup_id, rowidentifier, rowversion, change_action, change_user, change_time) VALUES ('E0319B8C-E511-4702-B1B7-C723245824FB', '60', '63271ef0-b530-11e3-836c-5722b72376ee', 1, 'i', 'db:postgres', '2014-03-27 11:48:37.391');
INSERT INTO appuser_appgroup (appuser_id, appgroup_id, rowidentifier, rowversion, change_action, change_user, change_time) VALUES ('E0319B8C-E511-4702-B1B7-C723245824FB', '40', '63271ef0-b530-11e3-94ec-3b3f9ca87da3', 1, 'i', 'db:postgres', '2014-03-27 11:48:37.391');
INSERT INTO appuser_appgroup (appuser_id, appgroup_id, rowidentifier, rowversion, change_action, change_user, change_time) VALUES ('19B86E80-CDF9-4B23-802A-9DEA4D50FF05', '30', '63271ef0-b530-11e3-add7-a3accf64d39c', 1, 'i', 'db:postgres', '2014-03-27 11:48:37.391');
INSERT INTO appuser_appgroup (appuser_id, appgroup_id, rowidentifier, rowversion, change_action, change_user, change_time) VALUES ('32442559-2AC7-4618-8879-9238AC078626', '60', '63271ef0-b530-11e3-8a93-2b574034d1b0', 1, 'i', 'db:postgres', '2014-03-27 11:48:37.391');
INSERT INTO appuser_appgroup (appuser_id, appgroup_id, rowidentifier, rowversion, change_action, change_user, change_time) VALUES ('32442559-2AC7-4618-8879-9238AC078626', '40', '63271ef0-b530-11e3-bc40-0b2f0e099acc', 1, 'i', 'db:postgres', '2014-03-27 11:48:37.391');
INSERT INTO appuser_appgroup (appuser_id, appgroup_id, rowidentifier, rowversion, change_action, change_user, change_time) VALUES ('6CBF1597-4EE0-4A03-8061-2DAD87DA26C7', '30', '63271ef0-b530-11e3-8508-b7eed1e39050', 1, 'i', 'db:postgres', '2014-03-27 11:48:37.391');
INSERT INTO appuser_appgroup (appuser_id, appgroup_id, rowidentifier, rowversion, change_action, change_user, change_time) VALUES ('F8556B65-84E7-490F-B86F-73638B5B6230', '60', '63271ef0-b530-11e3-91f7-8bab82b1f7bc', 1, 'i', 'db:postgres', '2014-03-27 11:48:37.391');
INSERT INTO appuser_appgroup (appuser_id, appgroup_id, rowidentifier, rowversion, change_action, change_user, change_time) VALUES ('22F33D5E-7F84-490C-9751-0645BD5CF1AC', '30', '63271ef0-b530-11e3-be76-fb45e06a45a9', 1, 'i', 'db:postgres', '2014-03-27 11:48:37.391');
INSERT INTO appuser_appgroup (appuser_id, appgroup_id, rowidentifier, rowversion, change_action, change_user, change_time) VALUES ('A2439B88-3BFD-4B64-8F72-601C1FDF6C85', '60', '63271ef0-b530-11e3-a384-4b5e8e4d376e', 1, 'i', 'db:postgres', '2014-03-27 11:48:37.391');
INSERT INTO appuser_appgroup (appuser_id, appgroup_id, rowidentifier, rowversion, change_action, change_user, change_time) VALUES ('A2439B88-3BFD-4B64-8F72-601C1FDF6C85', '40', '63271ef0-b530-11e3-be7c-87074383ce76', 1, 'i', 'db:postgres', '2014-03-27 11:48:37.391');
INSERT INTO appuser_appgroup (appuser_id, appgroup_id, rowidentifier, rowversion, change_action, change_user, change_time) VALUES ('9E56EA06-3EAB-49A5-89E6-AB71F5C199AB', '60', '63271ef0-b530-11e3-8768-6b635db70802', 1, 'i', 'db:postgres', '2014-03-27 11:48:37.391');
INSERT INTO appuser_appgroup (appuser_id, appgroup_id, rowidentifier, rowversion, change_action, change_user, change_time) VALUES ('9E56EA06-3EAB-49A5-89E6-AB71F5C199AB', '40', '63271ef0-b530-11e3-aac7-a77673478fd6', 1, 'i', 'db:postgres', '2014-03-27 11:48:37.391');
INSERT INTO appuser_appgroup (appuser_id, appgroup_id, rowidentifier, rowversion, change_action, change_user, change_time) VALUES ('5F856781-FF88-43F6-9069-3529EFF2C4BC', '30', '63298050-b530-11e3-8c42-2b40c91bccb2', 1, 'i', 'db:postgres', '2014-03-27 11:48:37.391');
INSERT INTO appuser_appgroup (appuser_id, appgroup_id, rowidentifier, rowversion, change_action, change_user, change_time) VALUES ('6740754a-3435-11e2-b9f0-f3115a7a6e2e', '40', '63298050-b530-11e3-9ab4-9f1baa97e6c3', 1, 'i', 'db:postgres', '2014-03-27 11:48:37.391');
INSERT INTO appuser_appgroup (appuser_id, appgroup_id, rowidentifier, rowversion, change_action, change_user, change_time) VALUES ('6740754a-3435-11e2-b9f0-f3115a7a6e2e', '70', '63298050-b530-11e3-86f3-8f21e1c4d417', 1, 'i', 'db:postgres', '2014-03-27 11:48:37.391');
INSERT INTO appuser_appgroup (appuser_id, appgroup_id, rowidentifier, rowversion, change_action, change_user, change_time) VALUES ('7b87f030-3446-11e2-8a25-bf0bf85aedd9', '30', '63298050-b530-11e3-bbe3-bb54963102d6', 1, 'i', 'db:postgres', '2014-03-27 11:48:37.391');
INSERT INTO appuser_appgroup (appuser_id, appgroup_id, rowidentifier, rowversion, change_action, change_user, change_time) VALUES ('F4D22792-9842-413C-ACFF-B697F10E60F9', '60', '63298050-b530-11e3-a8c6-3ff0e2502fce', 1, 'i', 'db:postgres', '2014-03-27 11:48:37.391');
INSERT INTO appuser_appgroup (appuser_id, appgroup_id, rowidentifier, rowversion, change_action, change_user, change_time) VALUES ('673f3cca-3435-11e2-9287-7344fd9df7f7', '70', '63298050-b530-11e3-9687-f34015a4e8ec', 1, 'i', 'db:postgres', '2014-03-27 11:48:37.391');
INSERT INTO appuser_appgroup (appuser_id, appgroup_id, rowidentifier, rowversion, change_action, change_user, change_time) VALUES ('6b22b21b-1d97-4513-82fa-81d4e678fff3', '70', '63298050-b530-11e3-9c54-275d4c9c134b', 1, 'i', 'db:postgres', '2014-03-27 11:48:37.391');
INSERT INTO appuser_appgroup (appuser_id, appgroup_id, rowidentifier, rowversion, change_action, change_user, change_time) VALUES ('F8556B65-84E7-490F-B86F-73638B5B6230', '40', '63298050-b530-11e3-ac87-471f853868d1', 1, 'i', 'db:postgres', '2014-03-27 11:48:37.391');
INSERT INTO appuser_appgroup (appuser_id, appgroup_id, rowidentifier, rowversion, change_action, change_user, change_time) VALUES ('f028e32a-6c78-495e-8f5b-93a8acf1b90c', '10', '63298050-b530-11e3-88d1-9b6ee4c3c972', 1, 'i', 'db:postgres', '2014-03-27 11:48:37.391');
INSERT INTO appuser_appgroup (appuser_id, appgroup_id, rowidentifier, rowversion, change_action, change_user, change_time) VALUES ('35f52bc7-4d82-4986-a9bf-46ca85392202', '10', '63298050-b530-11e3-a48d-e7f77ec149e3', 1, 'i', 'db:postgres', '2014-03-27 11:48:37.391');
INSERT INTO appuser_appgroup (appuser_id, appgroup_id, rowidentifier, rowversion, change_action, change_user, change_time) VALUES ('9f88cb8a-ff49-4dc5-a7a5-a1be0e8bc908', '10', '63298050-b530-11e3-9a17-4fbecb043201', 1, 'i', 'db:postgres', '2014-03-27 11:48:37.391');
INSERT INTO appuser_appgroup (appuser_id, appgroup_id, rowidentifier, rowversion, change_action, change_user, change_time) VALUES ('ff0c8809-a4ca-46ae-aa22-6be3f7d4c2c9', '10', '63298050-b530-11e3-9845-abbcc0c86e2f', 1, 'i', 'db:postgres', '2014-03-27 11:48:37.391');
INSERT INTO appuser_appgroup (appuser_id, appgroup_id, rowidentifier, rowversion, change_action, change_user, change_time) VALUES ('6740272a-3435-11e2-9c29-2f60b79da144', '80', '63298050-b530-11e3-8ec7-db29df6c424e', 1, 'i', 'db:postgres', '2014-03-27 11:48:37.391');
INSERT INTO appuser_appgroup (appuser_id, appgroup_id, rowidentifier, rowversion, change_action, change_user, change_time) VALUES ('673fd90a-3435-11e2-8f0b-bffcc5e5c194', '80', '63298050-b530-11e3-882b-13ab32ccec61', 1, 'i', 'db:postgres', '2014-03-27 11:48:37.391');
INSERT INTO appuser_appgroup (appuser_id, appgroup_id, rowidentifier, rowversion, change_action, change_user, change_time) VALUES ('C3B9742D-6D1D-49E6-B9FE-EA510E0C1A93', '5654ca9a-595d-4a25-9809-0899dcb93673', '63298050-b530-11e3-8d44-2ffa92f2657a', 1, 'i', 'db:postgres', '2014-03-27 11:48:37.391');
INSERT INTO appuser_appgroup (appuser_id, appgroup_id, rowidentifier, rowversion, change_action, change_user, change_time) VALUES ('673fd90a-3435-11e2-8f0b-bffcc5e5c194', '20', '63298050-b530-11e3-8ede-ffa35ad1ecca', 1, 'i', 'db:postgres', '2014-03-27 11:48:37.391');
INSERT INTO appuser_appgroup (appuser_id, appgroup_id, rowidentifier, rowversion, change_action, change_user, change_time) VALUES ('f076cf78-a189-447f-85ce-b9533d690217', '5654ca9a-595d-4a25-9809-0899dcb93673', '63298050-b530-11e3-bd76-9b5589ccd4ab', 1, 'i', 'db:postgres', '2014-03-27 11:48:37.391');
INSERT INTO appuser_appgroup (appuser_id, appgroup_id, rowidentifier, rowversion, change_action, change_user, change_time) VALUES ('673e2b50-3435-11e2-92d4-d3e10f46f3bd', '40', '63298050-b530-11e3-ac03-cfde6f9dfc1f', 1, 'i', 'db:postgres', '2014-03-27 11:48:37.391');
INSERT INTO appuser_appgroup (appuser_id, appgroup_id, rowidentifier, rowversion, change_action, change_user, change_time) VALUES ('test-id', 'cbca8c4f-635c-4144-91af-726cba414f5f', '63298050-b530-11e3-940d-bf9a4005c836', 1, 'i', 'db:postgres', '2014-03-27 11:48:37.391');
INSERT INTO appuser_appgroup (appuser_id, appgroup_id, rowidentifier, rowversion, change_action, change_user, change_time) VALUES ('1d3e9151-5992-4970-8d0d-172370029afb', 'cbca8c4f-635c-4144-91af-726cba414f5f', '63298050-b530-11e3-bde9-974fa54df6c3', 1, 'i', 'db:postgres', '2014-03-27 11:48:37.391');
INSERT INTO appuser_appgroup (appuser_id, appgroup_id, rowidentifier, rowversion, change_action, change_user, change_time) VALUES ('a1537fe7-b743-4405-8043-83bb81f8a79f', '70', '63298050-b530-11e3-ad3b-1f10e059a70e', 1, 'i', 'db:postgres', '2014-03-27 11:48:37.391');
INSERT INTO appuser_appgroup (appuser_id, appgroup_id, rowidentifier, rowversion, change_action, change_user, change_time) VALUES ('04b8f5db-32eb-4251-9bea-51dddc09e8dc', '70', '63298050-b530-11e3-8df4-af5579e1b932', 1, 'i', 'db:postgres', '2014-03-27 11:48:37.391');
INSERT INTO appuser_appgroup (appuser_id, appgroup_id, rowidentifier, rowversion, change_action, change_user, change_time) VALUES ('6740272a-3435-11e2-9c29-2f60b79da144', '20', '63298050-b530-11e3-928c-9b002b780df1', 1, 'i', 'db:postgres', '2014-03-27 11:48:37.391');
INSERT INTO appuser_appgroup (appuser_id, appgroup_id, rowidentifier, rowversion, change_action, change_user, change_time) VALUES ('673cf2d0-3435-11e2-8d79-9bbadfb66eb4', '10', '63298050-b530-11e3-ba71-8fe85f1416a4', 1, 'i', 'db:postgres', '2014-03-27 11:48:37.391');
INSERT INTO appuser_appgroup (appuser_id, appgroup_id, rowidentifier, rowversion, change_action, change_user, change_time) VALUES ('673cf2d0-3435-11e2-8d79-9bbadfb66eb4', '40', 'f2304f2a-b6cc-11e3-b69c-431a0878eded', 1, 'i', 'db:postgres', '2014-03-29 12:01:50.406');
INSERT INTO appuser_appgroup (appuser_id, appgroup_id, rowidentifier, rowversion, change_action, change_user, change_time) VALUES ('673cf2d0-3435-11e2-8d79-9bbadfb66eb4', '50', '0a09b334-b6cd-11e3-84db-63f3570a2c11', 1, 'i', 'db:postgres', '2014-03-29 12:02:30.418');
INSERT INTO appuser_appgroup (appuser_id, appgroup_id, rowidentifier, rowversion, change_action, change_user, change_time) VALUES ('673cf2d0-3435-11e2-8d79-9bbadfb66eb4', '60', '0cc5a920-b6cd-11e3-b4f3-df4cad983fce', 1, 'i', 'db:postgres', '2014-03-29 12:02:35.006');
INSERT INTO appuser_appgroup (appuser_id, appgroup_id, rowidentifier, rowversion, change_action, change_user, change_time) VALUES ('673cf2d0-3435-11e2-8d79-9bbadfb66eb4', '70', '0ffff8ac-b6cd-11e3-8bfc-e7f7082cd144', 1, 'i', 'db:postgres', '2014-03-29 12:02:40.423');
INSERT INTO appuser_appgroup (appuser_id, appgroup_id, rowidentifier, rowversion, change_action, change_user, change_time) VALUES ('673cf2d0-3435-11e2-8d79-9bbadfb66eb4', '80', '138d998e-b6cd-11e3-afb4-1ffd925cf2ac', 1, 'i', 'db:postgres', '2014-03-29 12:02:46.384');


ALTER TABLE appuser_appgroup ENABLE TRIGGER ALL;

--
-- Data for Name: appuser_setting; Type: TABLE DATA; Schema: system; Owner: postgres
--

ALTER TABLE appuser_setting DISABLE TRIGGER ALL;



ALTER TABLE appuser_setting ENABLE TRIGGER ALL;

--
-- PostgreSQL database dump complete
--

